TIPOLOGIA,OPERA,DESC_IMPORTO,STATO,DESCRIZIONE,POSIZIONE,CIRCOSCRIZIONE,STRUTTURA RESPONSABILE,LONGITUDINE,LATITUDINE,CATEGORIA,URLIMAGE,IMAGENAME,IMPORTO
 RIQUALIFICAZIONI DI EDIFICI E AREE URBANE,MURA DI PIAZZA FIERA,1.000.000 euro, IN CORSO,"Il progetto √® volto a restaurare e tutelare le antiche mura cittadine dal deterioramento provocato dagli eventi meteorologici e dai microorganismi. L‚Äôintervento, finanziato all‚Äô80% dal Ministero della cultura, riguarder√† gran parte della mura, oltre 100 metri.","46.06534, 11.12415",San Giuseppe ‚Äì Santa Chiara,Progetto mobilit√† e rigenerazione urbana,11.12415,46.06534,RIQUALIFICAZIONE EDIFICI E AREE URBANE,https://doc-10-c4-mymaps.googleusercontent.com/untrusted/hostedimage/m/a31kodj8ioocbnf14s5jhtqgu4/62qbo00damk7tf703l25vf8c10/1714576779500/KfkuppvJ3qp6EPYxKFSEVXVs-Ig6KN_U/17044095032606565053/5AHUGKgp5lJc606akDbxeGwdL-EpPt_gKiWVbQZ1pMJnSGjp5eLpZs4vqczGILrt49qflN_0in9VaflcX_v6SOdHruXye6F7vUue7sC7WjzvVXOhBtKLDg0SCu4GXaeHA4cc8AwVw-QO7Ahrnzkdm7TiYf13ENLHe4Ng_23D9K2Y3Bj6JeA1A6arMdQU6oHucrCjAu8mnex9OczVLr5tmXEGg6GvhLy6pJkMvuAov-J0TaNQeh_8?session=0,image_0001.jpg,1000000
RIQUALIFICAZIONE EDIFICI E AREE URBANE,FONTANA DI VIA VEGIARA A SOPRAMONTE,20.000 EURO,CONCLUSA,"L‚Äôintervento ha riguardato il restauro della fontana, riportata alla sua originaria bellezza, e l‚Äôintroduzione di ostacoli, cos√¨ da impedirne sfregi provocati dai veicoli e da tutelare i pedoni di passaggio. La fontana, costruita intorno al 1840, si compone di due vasche rettangolari decorate con motivi floreali e geometrici.","46.0727242, 11.0594005",Bondone,Edilizia pubblica,11.0594005,46.07272420000001,RIQUALIFICAZIONE EDIFICI E AREE URBANE,https://doc-08-c4-mymaps.googleusercontent.com/untrusted/hostedimage/m/a31kodj8ioocbnf14s5jhtqgu4/o1e1t61fmrgvrp129asfpbkdds/1714576779500/KfkuppvJ3qp6EPYxKFSEVXVs-Ig6KN_U/17044095032606565053/5AHUGKgqv8UfvkIEYVoa8ujrR18eOAUgz5f3R-UabGZTIE7Blegr9YuNIhdEgyyWeUYdpFzBL4LMHoDdRELPBXToSJ1FtxfzQUuvpJqaXzYSHzLITrwqd3Xm-A3ZGpO-yIEHuReFAHTPhm1gFLiKXCo44jDqJxatwc4Y2yuxUv6hredyhfsIbwfh0HNpR7qWHi_WSH_LfDxfMAM8CGQWCH4q0c8tUR1wkbTVxOzzSAYb78KBn2Zw?session=0,image_0002.jpg,20000
 RIQUALIFICAZIONI DI EDIFICI E AREE URBANE,NUOVI UFFICI TECNICI COMUNALI,16.690.000 euro, IN CORSO,"La riqualificazione dell'edificio ex casa di riposo in via S. Giovanni Bosco destinato ad ospitare i nuovi uffici tecnici comunali fa parte del progetto ""Santa Chiara open Lab"" programma di riuso sostenibile dell'area Santa Chiara.¬†","46.06469, 11.12622",San Giuseppe ‚Äì Santa Chiara,Edilizia pubblica,11.12622,46.06469000000001,RIQUALIFICAZIONE EDIFICI E AREE URBANE,https://doc-14-c4-mymaps.googleusercontent.com/untrusted/hostedimage/m/a31kodj8ioocbnf14s5jhtqgu4/cgp0vo89gn2qdd14rk1vte9qj0/1714576779500/KfkuppvJ3qp6EPYxKFSEVXVs-Ig6KN_U/17044095032606565053/5AHUGKgrkNs8MV4CZqx-WNd4asd1pRkSBrTrnZcQ2alL-rcxHfnOE2LBW3PeqmD6NdDnGqvEXOasaTijEu4Q8-M8A_Ani8CSGiaNK1r4ntkauqKU6qDhj0s_dIWMx0Zm9Z9D9NRIfrfT_9WCFVtTb1Hb9ry3uQxiNTieRwTpn3MmJGAEFFzVSimmOmvH8YqD4PTMyWlkZceINpymMQLItUrJciPIB8J4jck6Kk0YlKKh8PiBO8WA?session=0,image_0003.jpg,16690000
RIQUALIFICAZIONE EDILIZIA E AREE URBANE,RICONFIGURAZIONE EDIFICIO EX FACOLTA' LETTERE,3.796.831 euro¬† ¬† ¬† ¬† ¬† ¬† ¬† ¬† ¬† ¬†+ 514.500 euro (progetto europeo per efficientamento energetico),APPROVATO PROGETTO ESECUTIVO. Avvio appalto,"L'opera consiste in un primo intervento di manutenzione straordinaria che interessa principalmente l'involucro esterno dell'edificio.
Gli interventi previsti riguardano: 
 ‚Ä¢ la sostituzione di tutti gli infissi esterni;
 ‚Ä¢ la sostituzione del manto di copertura con rifacimento dell'impermeabilizzazione
 ‚Ä¢ realizzazione di nuovo sistema di coibentazione termica 
 ‚Ä¢ un intervento di manutenzione degli intonaci delle facciate esterne.","46.0636324, 11.1246476",San Giuseppe - Santa Chiara,Progetto Mobilit√† e rigenerazione urbana,11.1246476,46.0636324,RIQUALIFICAZIONE EDIFICI E AREE URBANE,https://doc-0c-c4-mymaps.googleusercontent.com/untrusted/hostedimage/m/a31kodj8ioocbnf14s5jhtqgu4/26f7apv1jqcapvc0a74tsfjhsk/1714576779500/KfkuppvJ3qp6EPYxKFSEVXVs-Ig6KN_U/17044095032606565053/5AHUGKgqY9rgZm6gZsNfJQm2sKGQFreWsAIEEstzqLbcIwcfb5EQWXvNf2WAbqhpU5eylMiT9MoBRHOgAmm6mwMT0YL3bHxMtZyS40htgQ111ExzUkJec2g-Ed3W5JfhnlHf8YD63bBYgfZZ3ssGIzgc-F96jkqFIqHRWAh9TsC9-8Er7xHtHRY4mQY06cK9_TARt-_gG_2rExpL64UVKMAJYj5gZzKIsOqzrSsuH_CaRcEy_MK0?session=0,image_0004.jpg,4311331
 RIQUALIFICAZIONI DI EDIFICI E AREE URBANE,RECUPERO E RIQUALIFICAZIONE EX MENSA SANTA CHIARA,4.244.545 euro, IN CORSO,"L‚Äôintervento riguarda il recupero e la riqualificazione dell‚Äôedificio ‚ÄúEx mensa Santa Chiara‚Äù con la realizzazione della nuova sede degli Ordini degli Ingegneri e degli Architetti, dell'Urban Center e del Centro Giovani. Il progetto denominato Santa Chiara Open Lab √® finanziato a carico del Programma straordinario di intervento per la riqualificazione urbana e la sicurezza delle periferie delle citt√† metropolitane e dei comuni capoluogo di provincia, finalizzato alla realizzazione di interventi per la rigenerazione delle aree urbane degradate.","46.06343, 11.1252",San Giuseppe ‚Äì Santa Chiara,Progetto mobilit√† e rigenerazione urbana,11.1252,46.06343,RIQUALIFICAZIONE EDIFICI E AREE URBANE,https://doc-0g-c4-mymaps.googleusercontent.com/untrusted/hostedimage/m/a31kodj8ioocbnf14s5jhtqgu4/d3aah5ckestgioffl06jveoq5g/1714576779500/KfkuppvJ3qp6EPYxKFSEVXVs-Ig6KN_U/17044095032606565053/5AHUGKgreGV4DUU_FlV1UJFKXAFz47TE2rNBc3EPDN8uIdqIY6pxr97znKebXgEt5WeOH2yfm3lJ37zbDDodtpG1kdtDk5YhnNzzZV_QOE4AIWhD5bAbqbog2v0NX16CJ0u6HswVDoBd2a7m4GU0UjEbTDlYAyuG04bKecRkPQOpAqPvgQTY_HztYMM1eqGssvyUHNwNj2-qq7BI0S7pywKaHWBELDbGAepb2GDrvy6H2s0GQKxk?session=0,image_0005.jpg,4244545
RIQUALIFICAZIONE EDIFICI E AREE URBANE,RECUPERO E RIQUALIFICAZIONE CHIESETTA VANEZE,200.000 euro,AVVIO PROGETTAZIONE,Intervento di sistemazione e recupero della chiesetta in localit√† Vaneze.,"46.0499709, 11.0735706",Bondone,Progetto mobilit√† e rigenerazione urbana,11.0735706,46.04997089999999,RIQUALIFICAZIONE EDIFICI E AREE URBANE,https://doc-04-c4-mymaps.googleusercontent.com/untrusted/hostedimage/m/a31kodj8ioocbnf14s5jhtqgu4/vds6huvu8lioetmn6j603qo15k/1714576779500/KfkuppvJ3qp6EPYxKFSEVXVs-Ig6KN_U/17044095032606565053/5AHUGKgoyy3KixhgnNySMKTaKDVw4WCEJ911Wa_gxZWvJs9166gAgfuGf0COr7dDuZZbtCtnBPsqfyUT0P7jT5KWkfuJ9rjVcyjYbzSrl9y5FOoOBwCR-BUbIZjcCcINOp1vDsWOxJMBvq0E8YEKCGB_k2XoqFODhRGIYVhJMSrqWFJScnJTNoCOIUGN1S-39rZN3Q0M6LM2V9MWhtYesJ_AH6cUj9olu5g9Glc9EPxOBnEWl-jc?session=0,image_0006.jpg,200000
RIQUALIFICAZIONI DI EDIFICI E AREE URBANE,CASA DELLA COMUNITA' DI POVO (Ex Centro Civico)¬†,1.450.547 euro,IN FASE CONCLUSIVA,"Al piano superiore spazi per la scuola Moggioli che ne far√† delle aule-laboratorio ed un‚Äôaula per essere usata come sala musica. A
piano terra invece vi trover√† posto una cucina professionale a disposizione di chi ne
far√† richiesta, mentre un‚Äôaltra aula avr√† l‚Äôaffaccio direttamente su un ampio giardino¬†e quindi √® perfetta per i circoli anziani. Infine una grande sala di circa 150 metri
quadri verr√† sfruttata sia per conferenze che per attivit√† motorie.
","46.06443, 11.1529",Povo,Gestione fabbricati,11.1529,46.06443,RIQUALIFICAZIONE EDIFICI E AREE URBANE,https://doc-10-c4-mymaps.googleusercontent.com/untrusted/hostedimage/m/a31kodj8ioocbnf14s5jhtqgu4/7rtn820222shaf5c96gnf9avsk/1714576779500/KfkuppvJ3qp6EPYxKFSEVXVs-Ig6KN_U/17044095032606565053/5AHUGKgoOBLs50GBBid8wKu-1uYwY513pb-Bj24w0K1y049FlUReZDmvdIPnRazgY4WVYAyldew5Gndn4BVsc_HhAZL5_ARyghKmM_Fk54XryciFeDdwUECG9uObh3Ll04cOhJIyaPGDFSR7r-d1spufhhIjfQ80sfD3az7WA-J39cZfNSHnwTadpfNbfTdX0fmuIvzn0q1VU5Q0CPxSeke3Yd5l9cllXq4zBIwIEA4kJt9VyOZI?session=0,image_0007.jpg,1450547
RIQUALIFICAZIONE EDIFICI E AREE URBANE,PNRR- ALLESTIMENTO ALLOGGI IN VIA SANT'ANNA A GARDOLO PER DISABILI,115.000 euro,PROGETTAZIONE,L‚Äôintervento √® finalizzato a¬† migliorare la autonomia e offrire opportunit√† di accesso nel mondo del lavoro a persone con disabilit√†¬† attraverso la domotizzazione di sette appartamenti.,"46.1094975, 11.1106625",Gardolo,Gestione fabbricati,11.1106625,46.10949750000001,RIQUALIFICAZIONE EDIFICI E AREE URBANE,https://doc-00-c4-mymaps.googleusercontent.com/untrusted/hostedimage/m/a31kodj8ioocbnf14s5jhtqgu4/qm3654adgn87l8le1m2e44fk8o/1714576779500/KfkuppvJ3qp6EPYxKFSEVXVs-Ig6KN_U/17044095032606565053/5AHUGKgrUK3Gfy1Q9rPk6hPOTTWCeddypsxR51ZfMyQJcEC3p-Ug7__Q7X0fu74Dx1htNSf_pI5k1Bv7yKZyrV0mVJpMTcDkf0sKsmG_KikqvzXolInC5ki6NiNoHPcGcXNDBIYoNOSRB9kL9zPG2jhwyf_4NUqZ1PMK3uZdK7EvMuH3zt28ZVBy5X5x_nChOfQE-5aSApA6p8YSRqTltfD9HMgolw5y81u4e5c7HFN0i5QJptbs?session=0,image_0008.jpg,115000
 RIQUALIFICAZIONI DI EDIFICI E AREE URBANE,RIQUALIFICAZIONE DI PIAZZA DELLA MOSTRA A TRENTO,2.082.350 euro.¬†, CONCLUSA,"L‚Äôintervento ha ristrutturato completamente¬† piazza della Mostra ricucendo simbolicamente e fisicamente quella distanza fra il Castello del Buonconsiglio e la citt√†.
L‚Äôallontanamento di via¬† Clesio dal Castello e la creazione di¬† rampe di ingresso al museo permettono anche il superamento delle barriere architettoniche per accedervi.","46.07139, 11.1261",Centro storico ‚Äì Piedicastello,Progetto mobilit√† e rigenerazione urbana,11.1261,46.07138999999999,RIQUALIFICAZIONE EDIFICI E AREE URBANE,https://doc-10-c4-mymaps.googleusercontent.com/untrusted/hostedimage/m/a31kodj8ioocbnf14s5jhtqgu4/er9477g0nvmpu7e0djnlbkqf5o/1714576779500/KfkuppvJ3qp6EPYxKFSEVXVs-Ig6KN_U/17044095032606565053/5AHUGKgoK2tCRBPYZcO6v91-JPH1o6MddUH79RkGqHRgJt7XLE6WT63q7dLbt4kzE032NA7xfPhp-wzmTq3WNaHRQl3CmquTMbHQ8yi6UC9JAXx4HF6yZWLexAaAJTdNep54QsRXDDAbZgyeem46vcqYOsT8as571Zo6pGjsNRu3l73ouj0E4CvZpv6_So4gomKq1rxJbf28cPqpJPT40wzGPMulftRxJMd1IALVvjrDCgfuCG0g?session=0,image_0009.jpg,2082350
RIQUALIFICAZIONE EDIFICI E AREE URBANE,RECUPERO E VALORIZZAZIONE PORTA VERONENSIS¬†,200.000 euro,AVVIO PROGETTAZIONE,Dall'atrio del Museo Diocesano in Piazza Duomo si accede allo spazio archeologico in cui sono visibili i resti della Porta Veronensis. Attualmente non visitabile.,"46.0677469, 11.1221971",Centro storico - Piedicastello,Progetto mobilit√† e rigenerazione urbana,11.1221971,46.0677469,RIQUALIFICAZIONE EDIFICI E AREE URBANE,https://doc-00-c4-mymaps.googleusercontent.com/untrusted/hostedimage/m/a31kodj8ioocbnf14s5jhtqgu4/t410b23fqtt56iafgojtj7cbjc/1714576779500/KfkuppvJ3qp6EPYxKFSEVXVs-Ig6KN_U/17044095032606565053/5AHUGKgrPBWdSZkPu0NUz79KHcbEeo87IiI6s7nnLrGc-7dYZ2ECzLyhqYmfPqGqak5TPL6SEtc6dMQdtxH6OoxURa_QO_Eh23XDAt0Qn4DtAxUdl_qDCpn25dAzTLhQuENp40_hLAeCE75_BsxgY7h7nhjXsdHHhINdXRYgZ0pdySeznjPRyFMdUB-S8BqNP1Mytj6tIq4fSfRZTBWuxoEBB3dmBkW5kTNsr12A_WDu6gnp49Jg?session=0,image_0010.jpg,200000
RIQUALIFICAZIONE EDIFICI E AREE URBANE,"POLO INNOVAZIONE, CULTURA E IMPRESA - RIORGANIZZAZIONE FUNZIONALE SPAZI INTERNI",5.263.158 euro,AVVIO PROGETTAZIONE,"L‚Äôintervento √® inserito nel protocollo d‚Äôintesa tra la Provincia e Comune che prevede lavori di riqualificazione del compendio edilizio del Centro Servizi Culturali S. Chiara attraverso un recupero immobiliare per destinarlo a finalit√† condivise con la nascita di un polo per le industrie culturali e creative, che potranno essere affiancate da start up innovative, anche in partnership con Trentino Sviluppo, la Fondazione Hit e l‚ÄôUniversit√†.
","46.0635524, 11.124454",San Giuseppe - Santa Chiara,Progetto Mobilit√† e rigenerazione urbana,11.124454,46.0635524,RIQUALIFICAZIONE EDIFICI E AREE URBANE,https://doc-14-c4-mymaps.googleusercontent.com/untrusted/hostedimage/m/a31kodj8ioocbnf14s5jhtqgu4/f6jmvuhtqn8hn76mpahr02pi5s/1714576779500/KfkuppvJ3qp6EPYxKFSEVXVs-Ig6KN_U/17044095032606565053/5AHUGKgqrZfgnP1Hq4sZhly2AD7EEQ9L_7PWolvwtdwpQ4JVXOIqrntZgxlx5etI0l6HzTZoc17oqTXTdxzJLgQxpg1X-0I2oCy_tDgjL6thm-HQAImOPkY0uPufo4wBxU-j1ML4482Z_Bqzz7pfEHPxPugo_oXHoKykXnz8zmLf93NNRuVnvnYuBLNDDOAkskN_o2bQuQw7O7r4tEojMU4lVTRvUC-Fuyaj4y0sDt04eH2bs_lM?session=0,image_0011.jpg,5263158
RIQUALIFICAZIONE EDIFICI E AREE URBANE,REALIZZAZIONE SPAZIO COPERTO CUCINE ASSOCIAZIONI MATTARELLO,750.000 euro, AVVIO PROGETTAZIONE,La realizzazione di questo spazio coperto deriva dalla necessit√† di disporre di cucine fisse¬† per le associazioni per le feste del sobborgo.,"46.0074323, 11.1300908",Mattarello,Gestione fabbricati,11.1300908,46.0074323,RIQUALIFICAZIONE EDIFICI E AREE URBANE,https://doc-00-c4-mymaps.googleusercontent.com/untrusted/hostedimage/m/a31kodj8ioocbnf14s5jhtqgu4/vlfruccgu7q6gf0okvto18v4ts/1714576779500/KfkuppvJ3qp6EPYxKFSEVXVs-Ig6KN_U/17044095032606565053/5AHUGKgqdT7_wZ-sUEobzMErFQQIRE-620zVB9lDUa0mhAcYn6S_rQkv57Q4F78WsF-tyqq7kkrf2wH-Tn-lC4mvaTDj7GUQquj0gMBCO-62sqtaWT6ISWTbwT9nNUko1ubnc2APOfQI2L-QeLHQgUOBL3axKLt5X3kPjQxqvarntyLId7n9cpRNTHBX8DGh1yMEvIvMWI9beSXTrL9Zp17LBbs9r1LaYSXk_3rqEWKVpaMHr7c0?session=0,image_0012.jpg,750000
RIQUALIFICAZIONE EDIFICI E AREE URBANE,PNRR - RIQUALIFICAZIONE PUNTO D'INCONTRO IN VIA TRAVAI,820.000 euro,PROGETTAZIONE,"La struttura rappresenta uno dei pi√π importanti poli di attivit√† di accoglienza per le persone fragili della citt√†. Sono necessari consistenti interventi di manutenzione straordinaria: facciate, serramenti esterni, deumidificazione del piano terra, pavimentazioni, serramenti interni,¬† intonaci; pi√π la parte impiantistica con un impianto fotovoltaico.
","46.0646608, 11.1204999",San Giuseppe - Santa Chiara,Gestione fabbricati,11.1204999,46.06466079999999,RIQUALIFICAZIONE EDIFICI E AREE URBANE,https://doc-04-c4-mymaps.googleusercontent.com/untrusted/hostedimage/m/a31kodj8ioocbnf14s5jhtqgu4/td7adb23j7mbq7p30jcpb064rs/1714576779500/KfkuppvJ3qp6EPYxKFSEVXVs-Ig6KN_U/17044095032606565053/5AHUGKgogRLxEOPDpn4oZhZLTKP7Pl6rK-FbE7CVNrVWyy-HCvFcMZp6QbOVKpw9yHjCd0Qam9u9amSNpaCDQDG7nCQzzaZYvQ_KTfO4JfF8bo-TK-qAvR50osZw8heAKlKgOmb-NWA_1m_pJ3_uzsKnWUuZ63m8q9aweueDJ42lN2I1i1pzf2qjqD2o1esJY1P8XDy2IO-oepxoZlyfN7ttw91_wCnG6r53jTEf7Q-r9qIC9bhc?session=0,image_0013.jpg,820000
RIQUALIFICAZIONE EDIFICI E AREE URBANE,"LAVORI DI RECUPERO EDIFICIO ""BARCHESSA SUD""",2.500.000 euro,"PROGETTAZIONE¬† Concluso il concorso di progettazione per affidare progetto definito ed esecutivo.
Tempistica da definire in esisto al parere della Soprintendenza per i beni culturali sulla proposta progettuale per procedere con affidamento dell‚Äôincarico","Per l'edificio, di propriet√† comunale e collocato tra il Cimitero Monumentale e la zona del Palazzo delle Albere √® prevista una nuova destinazione d'uso che consiste nella realizzazione di uno spazio-percorso espositivo con caratteristiche di elevata flessibilit√† e dotazione tecnologica ai fini della presentazione e valorizzazione della citt√† di Trento. 
Si colloca infatti in un contesto urbano che presenta molteplici realt√† di interesse fra cui il Palazzo delle Albere, il Museo delle Scienze (MUSE), il nuovo quartiere cittadino Le Albere. 
Si presenta ad oggi in un cattivo stato di conservazione: la copertura (originariamente con struttura in legno) √® completamente crollata, cos√¨ come i solai del livello superiore; l'unica partizione orizzontale ancora esistente √® costituita dalla volta in pietra che separa un locale del piano terra dal piano superiore, che presenta tuttavia una porzione crollata.
L‚Äôinsediamento di una nuova funzione pubblica quale elemento di connessione con importanti istituzioni scientifiche e culturali (Muse, Palazzo delle Albere, B.U.C.) risponde inoltre alla finalit√† di potenziare il processo di valorizzazione del sistema urbano di Palazzo delle Albere, via Madruzzo, Barchesse, offrendo un ulteriore impulso alla rigenerazione urbana di tutto il comparto e una pi√π corretta riqualificazione di una parte significativa del proprio tessuto urbano.","46.0633735, 11.1165415",San Giuseppe - Santa Chiara,Progetto Mobilit√† e rigenerazione urbana,11.1165415,46.0633735,RIQUALIFICAZIONE EDIFICI E AREE URBANE,https://doc-0c-c4-mymaps.googleusercontent.com/untrusted/hostedimage/m/a31kodj8ioocbnf14s5jhtqgu4/gkrn8nja0t89pj6k2cgiqfk0vs/1714576779500/KfkuppvJ3qp6EPYxKFSEVXVs-Ig6KN_U/17044095032606565053/5AHUGKgqZeWOzLAMKaPuKWxqh-7J9T0fZ5C7nHLUvc7mBP8ZcBff_CuX56H39GnIUqAF5KPiCByKhOgx9WoXC6I4WeK4bJUnBPyBC6SL8U8qlLJsPbp1QRJ3OCXJaxT4CbHS8Z6q9klcWHZdDwt98Tu3RGolIYK2Fq7GhZQJUVnIbuHvOFnDjbFjHNB9jBx3rz-WMJuG_EUPLCIlP4bGUVprPntbeK1Ckj-6_E9G-BObjUMjr84U?session=0,image_0014.jpg,2500000
RIQUALIFICAZIONE EDIFICI E AREE URBANE,RIQUALIFICAZIONE SPAZI APERTI E TESSUTO CONNETTIVO DEL COMPARTO SANTA CHIARA,1.200.000 euro, AVVIO PROGETTAZIONE,"Questo progetto fa parte della realizzazione del ""Santa Chiara Open lab"", intervento di¬† rigenerazione urbana dell'area ex Santa Chiara, attraverso una molteplicit√† di azioni di riqualificazione del parco¬† e dei punti di collegamento tra le aree e gli edifici circostanti.","46.0637889, 11.1256144",San Giuseppe - Santa Chiara,Progetto mobilit√† e rigenerazione urbana,11.1256144,46.0637889,RIQUALIFICAZIONE EDIFICI E AREE URBANE,https://doc-0g-c4-mymaps.googleusercontent.com/untrusted/hostedimage/m/a31kodj8ioocbnf14s5jhtqgu4/s0p9ap33efldtahi9aqijiqr30/1714576779500/KfkuppvJ3qp6EPYxKFSEVXVs-Ig6KN_U/17044095032606565053/5AHUGKgqkajIOmaaXUH7r5YELHsK0cMhzSRAzxLqOzO5d86QGdZ7udsEmrMs5BZRzkQ_WUOGIrBQIS3pKJeHnAinpXAQBQnR-BxGbR2LYOTinP-M1lmXxLxl1dBb8wW0cMvA7a1Xzz-ZOCuMl2h_ddE7hdCui4jwDdaot2H2LYxFN3c-o7l6MFg_g2MuvETnaSvkN0cekhS4IoSXgaHfaXWbXE_B6XUIdl21HhpRF7i2eD2amIPA?session=0,image_0015.jpg,1200000
RIQUALIFICAZIONE EDIFICI E AREE URBANE,DEPOSITI PER ASSOCIAZIONI PRESSO CENTRO CIVICO MARNIGHE A COGNOLA,300000,PROGETTAZIONE,Realizzazione nuovi spazi ad uso associativo,"46.0767435, 11.1419841",Argentario,Gestione fabbricati,11.1419841,46.0767435,RIQUALIFICAZIONE EDIFICI E AREE URBANE,https://doc-14-c4-mymaps.googleusercontent.com/untrusted/hostedimage/m/a31kodj8ioocbnf14s5jhtqgu4/56pkqn6trtivjvrd1jqarj3qh0/1714576779500/KfkuppvJ3qp6EPYxKFSEVXVs-Ig6KN_U/17044095032606565053/5AHUGKgr081ncli74WetLHc5vT2FXydqFiULN0u372_KWGYHdMnme--uBHIpKR81CDeYflrunrJIDIacyUbJ_nJayb5rDzBmE_ZqTZ9L44knS1rzno-gBi25MsRvoX6AnAXNI6vU79TXFXXYzjJSPJ_Sd5EY4hRiwPBSzeMoKV67GJDThytC4eq7EA5fZezHcG7BoaC73_xhMRpCXwPdc9wVdFjoQC3bdKC4fTU5dexxSad4fU1I?session=0,image_0016.jpg,300000
 PISTE CICLABILI,PNRR ‚Äì PISTA CICLABILE PIEDICASTELLO ‚Äì PARCO EX MICHELIN,450.000 euro,CONCLUSA,"√à previsto un collegamento ciclabile tra l‚Äôabitato di Piedicastello e il parco Fratelli Michelin, in Lungadige San Nicol√≤. La pista ciclabile bidirezionale sar√† larga due metri e mezzo in prosecuzione di quella esistente che proviene dal ponte San Lorenzo.
","46.06672, 11.11267",Centro storico ‚Äì Piedicastello,Opere di urbanizzazione primaria,11.11267,46.06672,PISTE CICLABILI,https://doc-14-c4-mymaps.googleusercontent.com/untrusted/hostedimage/m/a31kodj8ioocbnf14s5jhtqgu4/4u0creot868ls7rsraiu9ti9no/1714576779500/KfkuppvJ3qp6EPYxKFSEVXVs-Ig6KN_U/17044095032606565053/5AHUGKgquUwnZm7KLho-QOGGXrawO0ERJ9Q-gtrOpPYv6ShiKGZY1Gh4QIATt1N4EEmiudYdtvlZ9qgvKX1dJZiYwP4vvBoGMZ8-gnW6IMk8wtgKkzRud2tjzf94Zt5ccn5bXFqhaZrNT0ROjpnqTFtsh6Qs8uv3tZyoJpCCj7rlmW3NWQYTY_7ih_r_GBUrusdj_YKsa_PHPdDMCQM_MQdrPcqW11qP4rxNaVbsIB9Lc2ns_hnU?session=0,image_0017.jpg,450000
 PISTE CICLABILI,"PNRR ‚Äì PISTA CICLABILE VIA TRENER 
VIA CENTOCHIAVI - PARCO MELTA ",580.000 euro,PROCEDURE di ESPROPRIO E APPALTO,"Il progetto preliminare prevede la realizzazione di un collegamento ai percorsi ciclabili esistenti all‚Äôinterno del parco di Melta. Per via Centochiavi: si prevede la realizzazione di una pista ciclabile bidirezionale larga due metri e mezzo. L‚Äôattuale fermata dell‚Äôautobus viene spostata di circa 18 metri in direzione nord. Per via Trener: il marciapiede viene portato alla larghezza costante di 1 metro e mezzo, la corsia ciclabile sar√† larga 1 metro e 25. Lavori da marzo a dicembre 2024.","46.09562, 11.12021",Centro storico ‚Äì Piedicastello,Opere di urbanizzazione primaria,11.12021,46.09562,PISTE CICLABILI,https://doc-08-c4-mymaps.googleusercontent.com/untrusted/hostedimage/m/a31kodj8ioocbnf14s5jhtqgu4/jhd5v970mrajtrsh4anocvtga8/1714576779500/KfkuppvJ3qp6EPYxKFSEVXVs-Ig6KN_U/17044095032606565053/5AHUGKgr0Pt5URoIaBKZUTynWZXDqcFtmG5UROoFm3i33qt7mYb_zpiLXYbZUb4eLCRp7mA1aII_86LGBijEZmc4OWkNWaEvYyQ8IN7wm0hwS_FoY5fjdQcE5us38lAEdhq5QaMTTXve5NRCM_6ygEvwWitIBR6GOuS8xGZpgq9k1zUUwTv_6YfhQGRhyU52azTEoK15DPmZVfP199NR4z5a2QBcT-0uv2y4m88G4qqwqPGvqtl0?session=0,image_0018.jpg,580000
 PISTE CICLABILI,PNRR - PERCORSO CICLOPEDONALE LUNGO LA S.P. 204 POVO -VILLAZZANO TRATTO VIA SALE‚Äô ‚Äì VIA ALLA CROS ,1.400.000 euro,IN CORSO,"Una pista ciclopedonale partir√† dalla rotatoria di via Sal√® per poi scendere lungo tutta via Castel di Pietrapiana in direzione Villazzano, fino al parcheggio in prossimit√† di via alla Cros. Per il compimento dell‚Äôopera si prevede la collocazione del tracciato ciclopedonale sul lato a monte della S.P. 204 (via Castel di Pietrapiana) in ampliamento del marciapiede esistente permettendo cos√¨ la realizzazione di un percorso ciclabile e di un marciapiede. ","46.05594, 11.14898",Povo,Gestione strade e parchi,11.14898,46.05593999999999,PISTE CICLABILI,https://doc-00-c4-mymaps.googleusercontent.com/untrusted/hostedimage/m/a31kodj8ioocbnf14s5jhtqgu4/nqktvth6bahbural6rfp2id4is/1714576779500/KfkuppvJ3qp6EPYxKFSEVXVs-Ig6KN_U/17044095032606565053/5AHUGKgpsPdv-l63MIUUL2hGUXIa7WCAYf6Rg04rbZKEk4E2psLKA5eXCxlowlDgNzfyNsBG69EsI7xCGsY5zu2u4J5Jw445fejt68f9XJlqyWdQIr3yQp3MZf2NOuEqdbLfwxG2UySc84Gnvkqm8rz5somXNDMuOp-qiTscD5F9WRyhn0OprjidUO3Y2KuWokE6ZklR73LwWODkcTMEsFNf3rdzk-ECjKJGlTRbgzHCYAvf2elY?session=0,image_0019.jpg,1400000
PISTE CICLABILI,PNRR - PISTA CICLABILE VIA PERINI,800.000 euro, CONCLUSA¬† ¬† ¬† ¬† ¬† ¬† ¬† ¬† ¬† ¬† ¬† ¬† ¬† ¬† ¬† ¬† ¬† ¬† ¬† üé¨¬†https://www.instagram.com/p/CwpBfJULPmV/?utm_source=ig_web_copy_link,"La pista ciclabile lungo tutta la via F.lli Perini ha la finalit√† di collegare la ciclabile esistente in corso 3 Novembre con quella in via G. Giusti; il nuovo percorso permette inoltre un collegamento con la dorsale nord-sud presente lungo via Mattioli e via. Endrici.
","46.06054, 11.12256",San Giuseppe ‚Äì Santa Chiara,Opere di urbanizzazione primaria,11.12256,46.06054,PISTE CICLABILI,https://doc-0o-c4-mymaps.googleusercontent.com/untrusted/hostedimage/m/a31kodj8ioocbnf14s5jhtqgu4/ae16du6j8rf2a873s9eqaft014/1714576779500/KfkuppvJ3qp6EPYxKFSEVXVs-Ig6KN_U/17044095032606565053/5AHUGKgr9jKlczPFaIAvszbESydNMGI2DZmmG4HEXROLRrcpbc5ZpDNQYiWUg5sSxOIL02BNb0EA3HlUiq2bJUcKIkrA_ncfW2LzJS1enM2Sqmap2v4Nhb2jLOg9l1zapbL8TKvjOeZFsqbObmCFOiTrR0bKC3Iy7gKBYsQOBJ5JgoNZsQPWUGZdnLjQWSsj-pfsoN7uD5vhjiqhSK7b-b5HRaZ9BrJ_HAbKnq-SuLChCtNgK0sA?session=0,image_0020.jpg,800000
PISTE CICLABILI,PNRR ‚Äì PISTA CICLABILE VIA GHIAIE ‚Äì VIA SANSEVERINO,500.000 euro,CONCLUSA,Un nuovo tratto di percorso ciclabile verr√† realizzato lungo via del Maso Smalz con lo scopo di collegare la pista ciclabile in via Ghiaie con il percorso ciclo-pedonale lungo via Sanseverino per una lunghezza complessiva di circa 400 metri. Verso via Ghiaie si realizzeranno due corsie ciclabili monodirezionali di 175 metri mentre verso via da Sanseverino verr√† realizzata un pista ciclabile bidirezionale lunga 225 metri.,"46.05305, 11.11541",San Giuseppe ‚Äì Santa Chiara,Opere di urbanizzazione primaria,11.1137122,46.0525791,PISTE CICLABILI,https://doc-0g-c4-mymaps.googleusercontent.com/untrusted/hostedimage/m/a31kodj8ioocbnf14s5jhtqgu4/e9f3bb8ggov319eq7ttp9igjg4/1714576779500/KfkuppvJ3qp6EPYxKFSEVXVs-Ig6KN_U/17044095032606565053/5AHUGKgpbnEaZcgerehT7PRamG0i72-JTHAEq6IwRKivTwbn2VL_yhe_UvZLOg8pDOgEcnLumOpRk1wy1O_7c8SaCrB-v1ArMUSFli6W5oFd7bl66nwhB_9PO5beieKAfoZhENIi7zmW0IsNYoxFVRSkoUh4KLm8_BANR5nNyghdrAp6tzlT5NUmiHbtou0eCwIQAF9eOrmyqecwLrtnbGzeWFkLIxnvCC6tnGfD95F_ojmHbUXY?session=0,image_0021.jpg,500000
PISTE CICLABILI,"PNRR ‚Äì PISTA CICLABILE VIA 
IV NOVEMBRE A GARDOLO",550.000 euro,IN CORSO,La ciclabile partir√† dall‚Äôincrocio della piscina di Gardolo fino alla rotatoria di via Soprasasso lungo il lato ovest di via IV Novembre. Il tracciato proseguir√† poi oltre la rotatoria su via Feininger per collegarsi al giardino Gardolo ex segheria. Il nuovo percorso ciclabile prevede anche la posa dei percorsi tattili per non vedenti in corrispondenza di ogni attraversamento pedonale e ciclo-pedonale.¬†,"46.10666, 11.11216",Gardolo,Opere di urbanizzazione primaria,11.11216,46.10665999999999,PISTE CICLABILI,https://doc-0o-c4-mymaps.googleusercontent.com/untrusted/hostedimage/m/a31kodj8ioocbnf14s5jhtqgu4/ndiejo951k945g1od70bfd2258/1714576779500/KfkuppvJ3qp6EPYxKFSEVXVs-Ig6KN_U/17044095032606565053/5AHUGKgrI5mJYG7_u-h3BeAtOfSWSDxHp1aG788adI4yj8M8ZwPcd_2lsSqB98mUA2OTmwZyDtfBLmtJhFIQ-_tUazWQawXrUYKnJ8vslx075uXgv0BtgWFpHGAH3UDt9j0DXfsqIc8sPXbhJKl3YtJ2TdW6bO5o0OCP_-G4H068TdOlyPyNryN5l6DT4DUxBR97MqPw51ws_Wqo7XFnMa805BzmgL-k_Rs1K6FkHDtqscpxerTs?session=0,image_0022.jpg,550000
PISTE CICLABILI,PNRR - PISTA CICLABILE VIALE BOLOGNINI,350.000 euro,CONCLUSA,"Una nuova pista ciclabile in viale Bolognini andr√† a completare e integrare i percorsi ciclabili gi√† esistenti su viale Rovereto. L‚Äôintervento riguarda il tratto dal ponte sul torrente Fersina del Liceo Galilei fino al ponte dei Cavalleggeri per uno sviluppo complessivo di 1 chilometro circa.
",,San Giuseppe - Santa Chiara,Opere di urbanizzazione primaria,11.1324223,46.0622666,PISTE CICLABILI,https://doc-10-c4-mymaps.googleusercontent.com/untrusted/hostedimage/m/a31kodj8ioocbnf14s5jhtqgu4/iulmk8ou6be8d9sje9jrha7es0/1714576779500/KfkuppvJ3qp6EPYxKFSEVXVs-Ig6KN_U/17044095032606565053/5AHUGKgo9rDRpyKtkiyUKUak6pm0tbI4C9Sau98rslpaV1XWcTqLjiCoJMBCIzP78EoIeWcD5yAim5Xso2rdPta6y8X8ND4_k-Vss72KTqwwMLTkmdxn-liMd7p3Ky4J9m89ZB_bwtewGgiv7hL9-lgFRLDwbwfHtE_hMBDw0J7B4DXO8o9NysaoY2VoMAcx3q61EuWG4tnT2l2X4TJPBr3x8KEUgEL83HJGnQeBpa_6Y0dQjnOM?session=0,image_0023.jpg,350000
PISTE CICLABILI,PNRR - PISTA CICLABILE VIA SANTA CROCE,250.000 euro, CONCLUSA,"La ciclabile collegher√† piazza Fiera a Corso 3 Novembre. L‚Äôintervento √® diviso in due tratti. Il primo, a nord da piazza Fiera fino al passaggio che porta al Centro Servizi Santa Chiara, il secondo tratto a sud dal Centro Servizi Santa Chiara fino all‚Äôincrocio con corso 3 Novembre.",,San Giuseppe - Santa Chiara,Opere di urbanizzazione primaria,11.1233925,46.06412970000001,PISTE CICLABILI,https://doc-08-c4-mymaps.googleusercontent.com/untrusted/hostedimage/m/a31kodj8ioocbnf14s5jhtqgu4/7qnpq31kpbanf8lnh16bl3e1gk/1714576779500/KfkuppvJ3qp6EPYxKFSEVXVs-Ig6KN_U/17044095032606565053/5AHUGKgoqy8TXJkzlEWxadIKyzJoOw65SDJVBMe4gnTRxfArc-j-B8oPENReHJl2oYvNMcRavzfmLmmFtSDm1-Nt3fNEYnKkDsdIVZdfXAugU7MFuC6vqzqPkB9otSNzm8t3GqwxxGHjgNk3KTzym_lyafPaRw0g6HsHdw8vPnLvXmgyj_kNzD5q93_Ew787pl0BlL69rrGfHbwxQhybnpCCBH22I9E4gOlV3r7v4VYjr6iOS4xY?session=0,image_0024.jpg,250000
PISTE CICLABILI,NUOVA PASSERELLA CICLOPEDONALE SULL'ADIGE,5.785.000 euro¬†,AVVIO PROGETTAZIONE,"La passerella di collegamento ciclopedonale tra le due sponde del fiume Adige, in asse con via Verdi, fa da collegamento tra i percorsi ciclabili e pedonali esistenti e futuri , tenuto conto soprattutto delle importanti funzioni previste nell‚Äôarea denominata ‚Äúex Italcementi‚Äù di prossimo sviluppo in destra Adige, tra le quali il grande parcheggio di attestamento e la partenza della funivia per il Monte Bondone.
La passerella dovr√† connettersi con la pista ciclabile esistente sul lato sinistro, mentre sul lato destro dovr√† prevedere un collegamento con il percorso ciclopedonale.","46.0640296, 11.1122306",Centro storico - Piedicastello,Progetto mobilit√† e rigenerazione urbana,11.1122306,46.0640296,PISTE CICLABILI,https://doc-14-c4-mymaps.googleusercontent.com/untrusted/hostedimage/m/a31kodj8ioocbnf14s5jhtqgu4/be75sb0c1mhcr2g91heo8rpatk/1714576779500/KfkuppvJ3qp6EPYxKFSEVXVs-Ig6KN_U/17044095032606565053/5AHUGKgpmhsz_2H6ZKVpa8nGkWr3u_sHAekXw_VSiozQPiO6waYY26Rngo3wtDRSRE3qgad-zs-ielWuzyig3ZNyqQsg22qF2eYLfryMvHzoqr9Gg-TaeN7AR1sdCsbllK5hERj4gYFZC87hf8K3dkV-fS0O0Xy7vaQvc4Nu8dhevnyy34eZ-ljQ4PIFrj9cq8C1GQqvjDFnxd9EPJgTADV0FRNgq9cPSprJBjhWTFChihTBgqKM?session=0,image_0025.jpg,5785000
SICUREZZA DEL TERRITORIO E VERDE,SENTIERO SPONDA SINISTRA AVISIO DA PONTE S. LAZZARO A SERRA S. GIORGIO,168.292 euro,CONCLUSA,"E' stato sistemato il sentiero sulla sponda sinistra dell‚ÄôAvisio che dal ponte di San Lazzaro arriva alla Serra di San Giorgio. L'opera fa parte del pi√π ampio ""Progetto Avisio"" che l'Amministrazione comunale condivide con Giovo e Lavis, e prevede la riqualificazione ambientale e territoriale della valle del fiume Avisio.",,Meano,Gestione strade e parchi,11.1185215,46.138025,PISTE CICLABILI,https://doc-0s-c4-mymaps.googleusercontent.com/untrusted/hostedimage/m/a31kodj8ioocbnf14s5jhtqgu4/8n0da4t94cpe4tvr04d87758ng/1714576779500/KfkuppvJ3qp6EPYxKFSEVXVs-Ig6KN_U/17044095032606565053/5AHUGKgqxS2eDVxCkve3SW1HBWtEwdqMthr0ovSnARZhMQu-cuU26C-ye9whYlFwro-B1-n8e1morfT49jFRBJ3KgtqDpMMKy8wVbeajpk9MQnNX3ctEtihuARHY8117UZ8RyQKODwbqF-7hrrp3z09tl4Nld9Hj53fjhFNNR62klTi3xQB4Zh77z9MdblQipysHQ0jZj74i8XxGPpMoK-95Em4W49jGJ4W4IjdKh04adTbVA37g?session=0,image_0026.jpg,168292
PISTE CICLABILI,PNRR - PISTA CICLABILE VIA GRAZIOLI,1.200.000 euro,IN CORSO,"La pista ciclabile connetter√† il centro storico e piazza Venezia con il quartiere della Bolghera. La ciclabile si sviluppa per circa 650 metri e si collega al primo tratto di pista ciclabile gi√† realizzato da piazza Venezia a via Brigata Acqui. Il progetto prevede una pista ciclabile larga 2 metri e mezzo e la riqualificazione di tutta la via (illuminazione, pavimentazione, verde).","46.06604, 11.13131",San Giuseppe ‚Äì Santa Chiara,Opere di urbanizzazione primaria,11.13131,46.06604,PISTE CICLABILI,https://doc-0k-c4-mymaps.googleusercontent.com/untrusted/hostedimage/m/a31kodj8ioocbnf14s5jhtqgu4/u9fqj2h63rdo7qu8leigioed24/1714576779500/KfkuppvJ3qp6EPYxKFSEVXVs-Ig6KN_U/17044095032606565053/5AHUGKgoBlvNSHHSLTtcnUBGLZFD3_3eaBKgOHB-1p3TjtbmNqa190kz6v3ZJqHR5NWkrsTSykpYRh1ma8F2aH77KNZLEo8Z8nqiVoC1ZEqjZJy7kTKcky3OFaIugtymBGVtCaYQH_5qMt4Fvm2B9NlYzQQG_Pmzen7GS-IV63dCq-I7kcA7SspJBO1DdU1avayQ-xvaCXK6LClhGOpDRHtObGvrGuKpbgpmdpbnsdBwZ5iLI9e8?session=0,image_0027.jpg,1200000
SCUOLE,PNRR ‚Äì RIQUALIFICAZIONE DEL NIDO ‚ÄúORSETTO PANDI‚Äù A CRISTO RE,"3.154.000 euro (riqualificazione edificio) di cui 2.244.000 euro finanziamento PNRR; 250.000 euro (sistemazioni esterne); 350.000 euro (bonifica area, 150.000 euro interventi lana minerale)",IN CORSO,"Il nuovo nido ‚ÄúOrsetto Pandi‚Äù prevede due livelli: un piano terra con terrazza destinato ad accoglienza e cambio dei bambini, attivit√† ludico-educative e laboratori, al riposo e all‚Äôigiene; un primo piano dedicato a cucina, dispensa e agli ambienti per gli educatori. Saranno realizzate ampie vetrate, spazi porticati per le attivit√† quotidiane e aree verdi. Il consumo energetico sar√† estremamente basso, grazie anche all‚Äôutilizzo di pannelli fotovoltaici.¬†
","46.08143, 11.11817",Centro storico ‚Äì Piedicastello,Edilizia pubblica,11.11817,46.08143,SCUOLE,https://doc-00-c4-mymaps.googleusercontent.com/untrusted/hostedimage/m/a31kodj8ioocbnf14s5jhtqgu4/h954f8oollgki1dc18q7a1h46s/1714576779500/KfkuppvJ3qp6EPYxKFSEVXVs-Ig6KN_U/17044095032606565053/5AHUGKgqPE4CTHjNm7ZRjvlVEzdljNO3jetvG7Ad1xAvp8vnlLIxyBSVINTp6z3Oj81hG9o5vGcNNa11UIONCgOJI8U7DtPhlQL03P4Hd656AqXXqO6glxPL3KC3bJxxXEmlB1e5rtDS7wBA8wzXHwHarBaWdHUI-RVh0lUg_GLusCdvm7zPObOzOsknAJzDvxTdHca6TBqeczX17Bqto_RjspFVYbR7eBMSosyhNF_IFgUPV11Q?session=0,image_0028.jpg,6148000
SCUOLE,AMPLIAMENTO E SISTEMAZIONE SCUOLA SECONDARIA DI PRIMO GRADO DI MATTARELLO ,6.400.000 euro,IN FASE CONCLUSIVA,"L‚Äôintervento prevede l‚Äôaumento delle aule didattiche da nove a dodici, l‚Äôampliamento dello spazio per gli uffici e la realizzazione di diversi nuovi spazi: una biblioteca, una zona per le attivit√† collettive, diversi laboratori e un grande portico che sar√† un luogo centrale per le attivit√† che si svolgeranno al coperto. A seguito di una rimodulazione degli spazi, sei delle dodici aule didattiche saranno distribuite nella scuola esistente e sei nel nuovo volume di ampliamento.
Al livello seminterrato del nuovo blocco ci saranno l‚Äôaula magna, l‚Äôaula della musica e la centrale termica. Saranno introdotti 57 parcheggi per la scuola.","46.0066, 11.13096",Mattarello,Gestione fabbricati,11.13096,46.0066,SCUOLE,https://doc-08-c4-mymaps.googleusercontent.com/untrusted/hostedimage/m/a31kodj8ioocbnf14s5jhtqgu4/cg14nki3a0iivsca06uo24f76c/1714576779500/KfkuppvJ3qp6EPYxKFSEVXVs-Ig6KN_U/17044095032606565053/5AHUGKgoQvf8iqFwwrTkZIwzA54s3Bq86qjl5hRWjnKjrhWAoWP9QSek-7OOLcLNOWeWN6opUeXWMQTNIQDuxTXTWr335YTQz_DqKFxMzyfG-RkDVy5z7D_gSyNEULt5wQkQZwNZ9eoqdB-A7-38Vs-I6dmEEVsiJfYSYhv06W-E0NsGjORZdUOUt8lg113uCyc9cdSHgZQwkQoPCgvqSlFMUDCO7aMGcYvRQ-kUTm3sFSGVYp8Y?session=0,image_0029.jpg,6400000
SCUOLE,SCUOLA PRIMARIA PIGARELLI. Sostituzione serramenti¬†,935.000 euro,CONCLUSA,"L‚Äôintervento riguarda la sostituzione dei serramenti esterni e l‚Äôintroduzione di nuove vetrate che evitano la dispersione del calore e riparano dal sole, cos√¨ da garantire maggiori isolamento termico e risparmio energetico. Rispetto alla cifra inizialmente preventivata, sono avanzate delle risorse che permetteranno la sostituzione dei serramenti della palestra, inizialmente non previsti.",,Gardolo,Edilizia pubblica,11.1117063,46.1049934,SCUOLE,https://doc-08-c4-mymaps.googleusercontent.com/untrusted/hostedimage/m/a31kodj8ioocbnf14s5jhtqgu4/ticfi1mn1qu2mu048021132pd8/1714576779500/KfkuppvJ3qp6EPYxKFSEVXVs-Ig6KN_U/17044095032606565053/5AHUGKgoo0tJqyN8p7TwN52eFBwRspJU3JSJKZ-3SOmqSbDlQOpewpB_mfngbDMuIAfYgHnqA6iWBl132DJ8MIy321m4AaD1HFHJrescM8ToIys6Zx6pIn7LK4VYJ5nCQYt2kRF_Wympd4q5m7U0E2JiMOeqWrxOIg25cZ76GQa0jtXrXbuBxaLCogHF4tNk4qO-RGYQm3pVXmFLLBzZHK7crgI_sIyAVBIMgHbuk2XimEToL5ck?session=0,image_0030.jpg,935000
SCUOLE,SCUOLA D‚ÄôINFANZIA SARDAGNA ‚Äì progetto 0-6 ,1.000.000 euro,PROGETTAZIONE,"L‚Äôintervento prevede la realizzazione in via sperimentale di un ‚Äúpolo per l‚Äôinfanzia‚Äù che accolga in un unico edificio (o in edifici vicini) spazi sia per la fascia di et√† 0-3 che per quella 3-6 con alcuni luoghi e servizi in comune (es. lavanderia, cucina), cos√¨ da usare le risorse in modo pi√π efficiente.","46.06393, 11.09756",Sardagna,Edilizia pubblica,11.09756,46.06393,SCUOLE,https://doc-10-c4-mymaps.googleusercontent.com/untrusted/hostedimage/m/a31kodj8ioocbnf14s5jhtqgu4/nv62tri802sbf7vh5dpmfbncm8/1714576779500/KfkuppvJ3qp6EPYxKFSEVXVs-Ig6KN_U/17044095032606565053/5AHUGKgrhn8Q-Wv6mRrBKA44JuZDbvnJptSRMlTa0HlJaz6MJuonAAIe_ZkLOD7V7A5Fwot5pDmDHDeKZTYmV7-NSWpeP_gHdVuo5iYKsSwzmLJsvgad5X5EQQD5lpUYM8_F3ryVrP1nAgEk6khgnFT797k7vXnQs8XhW7vOLZqVX3iSaiKXnW8ZP0v3PBFZzbR0oUbrB_gpLS94VwR24vRVezFGOVNoXJK9Lp3t56rnj8QLCziw?session=0,image_0031.jpg,1000000
üèª‚Äçü§ù‚ÄçüßëüèΩSCUOLE,SCUOLA PRIMARIA DI RAVINA,1.320.000 euro,PROGETTAZIONE,L‚Äôintervento prevede la sostituzione dei serramenti e la realizzazione del cappotto esterno per migliorare la prestazione energetica dell‚Äôedificio e il comfort interno degli ambienti scolastici.,"46.03803, 11.10882",Ravina - Romagnano,Gestione e riqualificazione patrimonio edilizio,11.10882,46.03803,SCUOLE,https://doc-08-c4-mymaps.googleusercontent.com/untrusted/hostedimage/m/a31kodj8ioocbnf14s5jhtqgu4/0he0c2rr5hhc2qnddq87gn7hh0/1714576779500/KfkuppvJ3qp6EPYxKFSEVXVs-Ig6KN_U/17044095032606565053/5AHUGKgrAk9JR5loEYTdNK19RdLFjdpdBXzc9B37NIm8rbMd8z3PaH1VPVUm4CBXw2c2a-fmRfL59a4y8sV8-FVsn8jScNBtsfuLEznTyM_BuXVA2KRSL0ZMnomRUHVeUZv7XgM2SAWHzOjr4q322WtBOSebJxg55hpyzxzTmAAxjo_Es4rqlY9yI0PDJWNKZdNTae3i6KKdA-BmzHFDDclwaSOgpbr99hxuIclgB1vmx_ZZ7AUc?session=0,image_0032.jpg,1320000
SCUOLE,COMPLESSO SCOLASTICO COMENIUS - RICAMBIO ARIA,IMPIANTO RICAMBIO ARIA (950.000 euro),Approvato progetto esecutivo primo intervento per ricambio aria Palestra,"L‚Äôintervento prevede la realizzazione di un nuovo impianto di ventilazione, il rinnovo degli impianti elettrici e di illuminazione e il rifacimento dei controsoffitti.","46.0744711, 11.1433375",Argentario,Gestione fabbricati,11.1433375,46.07447109999999,SCUOLE,https://doc-0s-c4-mymaps.googleusercontent.com/untrusted/hostedimage/m/a31kodj8ioocbnf14s5jhtqgu4/jqjkr33gu0drodcig06v82gelk/1714576779500/KfkuppvJ3qp6EPYxKFSEVXVs-Ig6KN_U/17044095032606565053/5AHUGKgqHLLvn7p8ZTG3TdbWR9zcQPg9mYqCd4jer1_aqkDa8DW2G45-CDri-7oWDK6yPR3nVU1aChFyxJWx3cCO3GEGmWIvataIcjRguLFhshWbe9T8ROVyMDdqZyjcfT4gfmklStOy-Yb4IFIjSq2zOivrtRyZ2y-zzLWgNTbI3JyHLLLN9GvTO7uZQU6-eomprmZPQjev7V2-QFsrulv4DGYX1nMyGFuMnAi1nqhwlHRsDeWU?session=0,image_0033.jpg,950000
SCUOLE,SCUOLA SECONDARIA DI PRIMO GRADO BRONZETTI - SEGANTINI RICONVERSIONE SPAZI MENSA PER LA REALIZZAZIONE DI AULE DIDATTICHE,280.000 euro,IN APPALTO,L‚Äôintervento riguarda la riconversione degli spazi della mensa in nuove aule.,"46.0592341, 11.1244199",San Giuseppe - Santa Chiara,Gestione fabbricati,11.1244199,46.0592341,SCUOLE,https://doc-00-c4-mymaps.googleusercontent.com/untrusted/hostedimage/m/a31kodj8ioocbnf14s5jhtqgu4/epksiih8ton4f2l8k5283vmdi8/1714576779500/KfkuppvJ3qp6EPYxKFSEVXVs-Ig6KN_U/17044095032606565053/5AHUGKgoiSsjGQYXJ0cC85iCYnRe-jhnIl2kFraDLimyjz08Ur4ftQUQ6xl54OQ5itvOVKNkKNNS9L9U7n4aEO7WagTBxmsX3doGn_MKhz096Nh8JxAmnJrLgqiYbuDdqcAyI9x5JyL8TEpx1EoLIT1xJ67MbB_JUuoJJqd6HOVPympGOFiR1L0IIlkHl27-ijX6aNEzbnstJ7TWwqon4f8JisIzA51wNtpHLfgZh-o-v5HqC9Mk?session=0,image_0034.jpg,280000
SCUOLE,SCUOLA PRIMARIA SCHMID. Recupero funzionale spazi interni,300.000 euro,IN FASE CONCLUSIVA,"Le scuole primarie L‚Äôintervento prevede la demolizione della piscina per realizzare, al suo posto, tre nuovi locali da adibire ad aula insegnanti, laboratorio e sala mensa. Quest‚Äôultima, dove verr√† realizzata una porta-finestra, sar√† grande 45 metri quadrati e avr√† 36 posti a sedere. I nuovi spazi saranno collegati alla scuola attraverso un corridoio, che garantir√† anche l‚Äôaccesso alla palestra.
I lavori di ampliamento tengono conto del recente trasferimento di un intero ciclo di cinque classi della scuola primaria ‚ÄúBellesini‚Äù, da poco dismessa.",,Centro storico - Piedicastello,Edilizia pubblica,11.1173948,46.0822334,SCUOLE,https://doc-0k-c4-mymaps.googleusercontent.com/untrusted/hostedimage/m/a31kodj8ioocbnf14s5jhtqgu4/8pkhqa9meb329md7i2fbhe4uks/1714576779500/KfkuppvJ3qp6EPYxKFSEVXVs-Ig6KN_U/17044095032606565053/5AHUGKgofuY6HVD13GqP08nf0jiNzFngCJEE5j07rjYRcZd1uKVsJdXaBEobD_QRsOHblh3iE_Wc7zcxpyISVKF5wGpe__Ol-PUOolFJzVGrDRsV7bxSpw4JwRdVjeXSr-FhxpZlehw51bXSg7mngzm-AkXM-oy5YSVnIPtZW8nIYtLagL14dhnJCDSHhEPDDkx27MZ3qSeFUDzXUO2HPWl9x9EKYGFYCt57x0ZfZSDIRt_X2JqI?session=0,image_0035.jpg,300000
SPORT,RIQUALIFICAZIONE PALESTRA SCUOLE DE GASPARI - DEMOLIZIONE E RICOSTRUZIONE,1.500.000 euro,PROGETTAZIONE,"La palestra, che per le sue attuali caratteristiche e dimensioni non garantisce funzionalit√† ottimali, verr√† demolita e ricostruita secondo le norme in vigore.
",,San Giuseppe - S. Chiara,Edilizia pubblica,11.1193285,46.05565159999999,SCUOLE,https://doc-0s-c4-mymaps.googleusercontent.com/untrusted/hostedimage/m/a31kodj8ioocbnf14s5jhtqgu4/k4msog4jqecctli6gjgg1o136o/1714576779500/KfkuppvJ3qp6EPYxKFSEVXVs-Ig6KN_U/17044095032606565053/5AHUGKgqF0i9wT_svim5wnZMP2c0jvCYVQPARtfG1NcfRbavYePXjOdqZpWem2M8UcogmHi4QGcb48k0VOhnreq45hRQmUfoJ7zIJkUIUpUNQs6gjSh8Y2hTM-hrgrOjuwGqXVICRrQBAwpIw7qehuRFDSsYmJeTjQwogZwkyFAQ1lMOACDKTKnnUNZJr-0hQFhTF0GaWxFG2cfHKofJXF2Ecqz8zSQPQHPZJpdKGz6t-6cEXCSA?session=0,image_0036.jpg,1500000
SCUOLE,"SCUOLA PRIMARIA SCHIMID: installazione pannelli fotovoltaici
","1.500.00‚Ç¨ complessivi¬† su 5 edifici
","PROGETTAZIONE
",Saranno installati degli impianti fotovoltaici sui tetti e contestualmente si provveder√† a sostituire il manto di copertura per garantire l‚Äôisolamento termico. Questi nuovi pannelli produrranno una quantit√† di energia che potr√† sopperire da un terzo fino a met√† del consumo energetico di questi edifici.,,"Centro storico - Piedicastello
","Gestione fabbricati
",11.1178025,46.08241760000001,SCUOLE,https://doc-08-c4-mymaps.googleusercontent.com/untrusted/hostedimage/m/a31kodj8ioocbnf14s5jhtqgu4/gtiggd5bn42pfp0lihcolvlpoc/1714576779500/KfkuppvJ3qp6EPYxKFSEVXVs-Ig6KN_U/17044095032606565053/5AHUGKgpdu3Lkinf3tbgyHkH5cSk_LS08hTkzyGpuDQ9ZAnUl-bB1A8dnkDzqFsjnZ3AQ2csKKHqQoIp6CPUpIkDhm1dQR_qsdwBPZ41YVQYq-OZ0JebXdL6zTsS3_MOruC4cx6N6pKpWw7Cuwdzj2HHi2-h9stA--Xykz6MNne5HPjN4lbBNf9mLSJckhDv4mgwy0nhW4733tME4KpcoTHGWkNta0QqeIKDw1N-3DOHdSqrWyxo?session=0,image_0037.jpg,1500
"SCUOLE
","SCUOLA PRIMARIA MADONNA BIANCA: installazione pannelli fotovoltaici
","1.500.000‚Ç¨ complessivi su 5 edifici
",PROGETTAZIONE,Saranno installati degli impianti fotovoltaici sui tetti e contestualmente si provveder√† a sostituire il manto di copertura per garantire l‚Äôisolamento termico. Questi nuovi pannelli produrranno una quantit√† di energia che potr√† sopperire da un terzo fino a met√† del consumo energetico di questi edifici.,,"Oltrefersina
","Gestione fabbricati
",11.1341728,46.0398082,SCUOLE,https://doc-08-c4-mymaps.googleusercontent.com/untrusted/hostedimage/m/a31kodj8ioocbnf14s5jhtqgu4/dtduif9185129sfnefr7e4u9a0/1714576779500/KfkuppvJ3qp6EPYxKFSEVXVs-Ig6KN_U/17044095032606565053/5AHUGKgq5qb-lSYmHYT85HuoBUbh0zF5JQX2s_OvCFC2hqCQiYbzKq3rqcQJeOKlJMETb-T3r7F6PnsR4oGSyngNh_fpAVm8akOhZn90Bp8S0qijSMdjGJ9VEGGUDU3yjoAdfwXVegftla5gZUWzIiQ0mzjMYBOGhwOIyY5xl3wrbD2uo4sz_d5bWI4f1mFT9GIPrR8YIDOyAiWDMXgfw7Ysx9LpGqdq37buhcokobsq5FMp2q3k?session=0,image_0038.jpg,1500000
SCUOLE,"SCUOLA PRIMARIA SAVIO: installazione pannelli fotovoltaici
","1.500.000‚Ç¨ complessivi su 5 edifici
",PROGETTAZIONE,Saranno installati degli impianti fotovoltaici sui tetti e contestualmente si provveder√† a sostituire il manto di copertura per garantire l‚Äôisolamento termico. Questi nuovi pannelli produrranno una quantit√† di energia che potr√† sopperire da un terzo fino a met√† del consumo energetico di questi edifici.,,"San Giuseppe - Santa Chiara 
","Gestione fabbricati
",11.1211767,46.05358269999999,SCUOLE,https://doc-0o-c4-mymaps.googleusercontent.com/untrusted/hostedimage/m/a31kodj8ioocbnf14s5jhtqgu4/m37j18hbrsi2dtdc7g0uc19764/1714576779500/KfkuppvJ3qp6EPYxKFSEVXVs-Ig6KN_U/17044095032606565053/5AHUGKgqOtAJte9fB0f6dZWD-4o65RhsO5bPQf7mr3HfqgBwERX81w8wooBzjfzTjn6k3VIEJUNgXKeP7EJW9PpegYXGQ-tp7vX0DnyylYKKLyO2CZXTw6Aw7mXe5FhssxrjS4dVK4IiT0rujKXepXE_xLn3x-KAbjyqt8sFPW9m2Km8SYinEHrqfYgHXLkpcdURVSg-GsDpkNj6r9SJCgy0rYIaU-JWF9k9qvyZxXvmLjU8rLGI?session=0,image_0039.jpg,1500000
SCUOLE,"SCUOLA SECONDARIA DI PRIMO GRADO WINKLER: installazione pannelli fotovoltaici
","1.500.000‚Ç¨ complessivi su 5 edifici
",PROGETTAZIONE,Saranno installati degli impianti fotovoltaici sui tetti e contestualmente si provveder√† a sostituire il manto di copertura per garantire l‚Äôisolamento termico. Questi nuovi pannelli produrranno una quantit√† di energia che potr√† sopperire da un terzo fino a met√† del consumo energetico di questi edifici.,,"Oltrefersina
","Gestione fabbricati
",11.133053,46.0489672,SCUOLE,https://doc-0g-c4-mymaps.googleusercontent.com/untrusted/hostedimage/m/a31kodj8ioocbnf14s5jhtqgu4/263ihtaai3f56u7ko5657rlsgg/1714576779500/KfkuppvJ3qp6EPYxKFSEVXVs-Ig6KN_U/17044095032606565053/5AHUGKgoIAUxvP6gmIqb-7BTTA9w-focinC3E4Y8WlWW5RBLPy-DuMxsZ8zkd7lvKi8Ze5CDsJyovbDk3lu5aMFqLYmIckDGQc4ZZ0mnnwSasMV1SNAJVZawgCpw8MQOc4g7OY_veS_Fg0Wxz1BXstzLCp3OF67ZTc3hfMAEElZPPdM1Qp9QpOIpA87HHYfx2h0-kCLsrHy6YVNGGX8qAU3iXYlNGpzbNXeK-AxtC9xDXpUzcwAw?session=0,image_0040.jpg,1500000
SCUOLE,"SCUOLA SECONDARIA DI PRIMO GRADO PASCOLI: installazione pannelli fotovoltaici
","1.500.000‚Ç¨ complessivi per 5 edifici
",PROGETTAZIONE,Saranno installati degli impianti fotovoltaici sui tetti e contestualmente si provveder√† a sostituire il manto di copertura per garantire l‚Äôisolamento termico. Questi nuovi pannelli produrranno una quantit√† di energia che potr√† sopperire da un terzo fino a met√† del consumo energetico di questi edifici.,,"Povo
","Gestione fabbricati
",11.1504508,46.0530894,SCUOLE,https://doc-0c-c4-mymaps.googleusercontent.com/untrusted/hostedimage/m/a31kodj8ioocbnf14s5jhtqgu4/abvae1gi2ua08adjovc3s1ispc/1714576779500/KfkuppvJ3qp6EPYxKFSEVXVs-Ig6KN_U/17044095032606565053/5AHUGKgrN0h7gVneOsNBeiOJYRNzjhA94z60lhzh6SoA634zD6YyaYiOwVU6TctyTWJg6irhFhDAUhhWexKLilfyUbp1q-nRd1DKLgzFbYZcpaEniCAVJHTWiPlONFFnO52wFfrJxQOTrW7AyyNxRwFsXCN0owoWsPp66dvmqe6Ot0Fa_ULVUzBM0kKrUDtrnszuhuwI0VE_j6KxWthj-vOIT3exNSjqgCKBqQTsJIiySl1e9sEs?session=0,image_0041.jpg,1500000
MOBILITA‚Äô,PNRR ‚Äì HUB DI INTERSCAMBIO DELLA MOBILITA' PRESSO L'AREA EX SIT ,22.730.000 euro,APPALTO INTEGRATO,"L‚Äôintervento, finanziato per 20 milioni di euro dal Pnrr, prevede la valorizzazione dell‚Äôarea nel sistema intermodale. Saranno realizzati al piano interrato un parcheggio pubblico ad uso pertinenziale di circa 160 posti auto, ossia riservati ad abbonamenti legati alla zona circostante, la stazione delle autocorriere con annessi servizi di supporto ai viaggiatori al piano terra e, sul tetto, un giardino pensile pubblico accessibile a piedi e in bici. Le pareti che si affacciano su Lungadige Monte Grappa saranno caratterizzate da un giardino verticale.","46.06881, 11.11604",Centro storico ‚Äì Piedicastello,Progetto mobilit√† e rigenerazione urbana,11.11604,46.06881,MOBILITA',https://doc-14-c4-mymaps.googleusercontent.com/untrusted/hostedimage/m/a31kodj8ioocbnf14s5jhtqgu4/2djmm4hv65jfr4erogoansb49o/1714576779500/KfkuppvJ3qp6EPYxKFSEVXVs-Ig6KN_U/17044095032606565053/5AHUGKgqlu9tB1QPS_6cmsI98pCpRNtbqCCK0L-21ECRpm90HIWlT-a34R_BTi7eazgpMHTxvVjg-Sp_7xj24hGpcBFPRoi_rxJMWYcirlNkLcEdf_Bwr0bL_T9I3pYXHDyfbk4P5DWu--53WagihYHC3bda4tYN3ZGF5ZzLOB0UY78tAQfRRHVreUjoCOWpfpibtjf81W7dXJG1JTbgF5x8hZgNGspYYq_gf6sQt16QmIEjmC3s?session=0,image_0042.jpg,22730000
MOBILITA‚Äô,COLLEGAMENTO VERTICALE TRA CENTRO CITT√Ä E CON COLLINA EST,6.050.000 euro, IN APPALTO,"L‚Äôintervento permetter√† di realizzare un ascensore inclinato, che partir√† da viale Bolognini per arrivare a Mesiano, collegando il centro cittadino con Mesiano e Povo dove hanno sede i dipartimenti scientifici dell‚ÄôUniversit√†. √à inoltre previsto un nuovo percorso ciclo-pedonale che collegher√† la stazione di monte dell'ascensore con l‚Äôingresso nord dell‚ÄôUniversit√† su via Mesiano.
L‚Äôascensore inclinato avr√† una capienza di 50 persone, con una potenzialit√† di trasporto prevista di 537 persone all‚Äôora.","46.0651, 11.14118",Povo,Opere di urbanizzazione primaria,11.1412658,46.0651,MOBILITA',https://doc-14-c4-mymaps.googleusercontent.com/untrusted/hostedimage/m/a31kodj8ioocbnf14s5jhtqgu4/fr34h44vl9molq4g4fg09ple5g/1714576779500/KfkuppvJ3qp6EPYxKFSEVXVs-Ig6KN_U/17044095032606565053/5AHUGKgpHARP5glDp7Et3E_EIFSX3YqOxqDrL7YTe4cf7E9Wd42WVAhRhhRvUnuNxszRp8d6yKNyqYFF_Ir_sv91WDimOpFK4E1h0Xy-bUtL1KX9CTPAOXyoCzzkco6sU5DtrcDrSI_nlnqQoUCaVeUEehEr2PJUDplV5vgMomxTqgM4KYTJ3VehMcD-zMwEv0VL0BfOiK8GMTCZNugLa9nZE6G3p9hAPRpOEHnIvt70FJoD2TOw?session=0,image_0043.jpg,6050000
MOBILITA‚Äô,MESSA IN SICUREZZA DEL PONTE E DELLA STRADA DI GARDOLO DI MEZZO,2.237.000 euro, IN CORSO,"L'intervento prevede la demolizione del ponte esistente, edificato nel 1911, e la sua ricostruzione sullo stesso spazio, oltre al potenziamento della strada esistente con un aumento della larghezza della carreggiata stradale e alla realizzazione di un marciapiede a sbalzo protetto da guardrail e parapetto. Il nuovo ponte presenter√† una carreggiata di dimensioni quasi doppie. Sar√† inoltre realizzata la nuova condotta per la raccolta dell‚Äôacqua piovana.","46.11704, 11.11807",Meano,Gestione strade e parchi,11.11807,46.11704,MOBILITA',https://doc-0c-c4-mymaps.googleusercontent.com/untrusted/hostedimage/m/a31kodj8ioocbnf14s5jhtqgu4/im155j34kujr1ljoo53051b9a8/1714576779500/KfkuppvJ3qp6EPYxKFSEVXVs-Ig6KN_U/17044095032606565053/5AHUGKgqI0caI5sSUaTc87yEYtVMDvpzVP6afNlvPW4z7DYXesvh7KM1JHCDpjxxA-yr_iFH1cOv-Fp_NJ7ocJg4u3qBmsPDwWjeOiwawRKGhyVwEIUZ_7IbQtgw_Ii5KxVeQvYFe7ScApAEq9ebfGNOd-cNMxpGvHJznOTu4_CHjir8bNw_5subtiKCZIDNG8OUKMO5hTYrMNb4_Zulj4zA49zvdoZ8QfxPBiXXzyJNqpCdKxG4?session=0,image_0044.jpg,2237000
Mobilit√†,FERMATA BUS TURISTICI AREA EX MICHELIN,250.000 ‚Ç¨,AVVIO APPALTO,L'intervento prevede la realizzazione di una fermata per gli autobus turistici cos√¨ da garantire la discesa in sicurezza dei turisti e non ostacolare la viabilit√†. Sar√† anche realizzata un'isola verde,"46.061102, 11.1127262",San Giuseppe - Santa Chiara,Opere di urbanizzazione primaria,11.1127262,46.06110200000001,MOBILITA',https://doc-10-c4-mymaps.googleusercontent.com/untrusted/hostedimage/m/a31kodj8ioocbnf14s5jhtqgu4/f6u2alfcqhdeqlu7a96m7fc6e8/1714576779500/KfkuppvJ3qp6EPYxKFSEVXVs-Ig6KN_U/17044095032606565053/5AHUGKgoLtFFj3uTcTdCrc8BhtVjPNxq8q2_SMF0Pf-S7fj9QlXDvICq2ylQaeUDFMfjU1uJzxuyU99W95S35PJzhvF00zgFDGnzB4OFbqAk_NhhBBxyf4SFvS50oKVVXgscHFJicNUMYL12XYGLxKj1XSR3TdHHZxVOhmiNmiScNNDeuRIO7E-S6XjcFHA3ePHkbwSUKSwPRFgJQvVPZe4i69iYHjk6OVgTX9dUemGcKW_NpQU0?session=0,image_0045.jpg,250000
MOBILITA',SOTTOPASSO VIA FRATELLI FONTANA,230.000 euro,"IN FASE DI APPALTO
",L‚Äôintervento prevede la sistemazione delle rampe di accesso al sottopasso che collega via fratelli Fontana con piazza Centa.¬† Attualmente il divieto di transito per gli automezzi di altezza superiore a tre metri crea disagi soprattutto per il transito dei mezzi pubblici urbani ,,Centro storico - Piedicastello,Opere di urbanizzazione primaria,11.1213965,46.0763747,MOBILITA',https://doc-00-c4-mymaps.googleusercontent.com/untrusted/hostedimage/m/a31kodj8ioocbnf14s5jhtqgu4/56h7trdmqlgv50l3dloki9dse8/1714576779500/KfkuppvJ3qp6EPYxKFSEVXVs-Ig6KN_U/17044095032606565053/5AHUGKgqQ72KXtnJdwnyV-Vlj6pP315xWbwLjh_NmipI8IQSOlEZTrW6cCs3dkc_YYZRkmvFoSVdmbCXC6uzaTvPh-8fqfXlQBaydMI5lTyMa0mDy8Huh_z9FCLFPtBAnNWZ0dSPhNA6opp-PzH6MOCza-B-8TXoitJE10c0MT0cipqAhA6ziRaX-XEc20-Oe3HebIFcZb9lgazPKmZfirTIhQRzYdO7XvaPLiL4bwH1lXmkUDA0?session=0,image_0046.jpg,230000
MOBILITA‚Äô,PERCORSO PEDONALE E PARCHEGGIO IN VIA PONTE ALTO,755.000 euro, CONCLUSA,"L‚Äôintervento prevede l‚Äôampliamento del parcheggio esistente con 34 posti auto in pi√π, che potranno essere utilizzati non solo dai frequentatori del centro sportivo Argentario, ma anche dai visitatori dell‚Äôattrazione naturalistica ‚ÄúOrrido di Ponte Alto‚Äù. Contestualmente sar√† messo in sicurezza l‚Äôattraversamento della Strada della Valsugana, che sbocca sulla grande rotatoria di Ponte Alto, con un collegamento pedonale e ciclabile e con un impianto semaforico.","46.07338, 11.14997",Argentario,Opere di urbanizzazione primaria,11.14997,46.07338,MOBILITA',https://doc-0s-c4-mymaps.googleusercontent.com/untrusted/hostedimage/m/a31kodj8ioocbnf14s5jhtqgu4/lhmvcfk8059rfoge1mbd8s8c2s/1714576779500/KfkuppvJ3qp6EPYxKFSEVXVs-Ig6KN_U/17044095032606565053/5AHUGKgozR2c4MVxOm5SJ2fA6wrIgbDmIjoWKj_tVgyLgH7mVljebnumxc31ud7mG9GX5vlothTj3c9DeB6oIehst_FElZLcD65HlqnMWCIf-HnFvnj_iv9kYcR7EZqDl6zFZBUt2bPgFnaSaxfATeg8pUYkLy9DbxAe0gbOrSFoKL9V50Rh2fYUqaofwAsyMCuzOCFwx4lC3Zw7wXHwhDHc5xss418xTthlOhzTeCZIL-1U91O8?session=0,image_0047.jpg,755000
RIQUALIFICAZIONE EDIFICI E AREE URBANE,LAVORI DI SISTEMAZIONE PERTINENZE SCUOLE SANZIO,400.000 euro,PROGETTAZIONE,L‚Äôintervento prevede la sistemazione delle pertinenze delle Scuole Sanzio al termine dei lavori che hanno interessato Piazza Mostra e la zona del Buonconsiglio.,"46.0721064, 11.1260799",Centro Storico - Piedicastello,Gestione e riqualificazione patrimonio edilizio,11.1260799,46.0721064,MOBILITA',https://doc-08-c4-mymaps.googleusercontent.com/untrusted/hostedimage/m/a31kodj8ioocbnf14s5jhtqgu4/rcrae9pbb3mpoqt958kfs5nckk/1714576779500/KfkuppvJ3qp6EPYxKFSEVXVs-Ig6KN_U/17044095032606565053/5AHUGKgpxS7LatKUYR3EPTvCbOvQKDzH3FBAoIW9XwRzdLthxswA5-z94PRCHlAaCmZak1rdieYcvQLptRMbKehU3hQC1-TJBuWutL0KCOjTMmY2peegMpOMNuT1WjufH4AEViJiUAGM0zXhManWOzFPoQuw8CvITmhGpB59A1uQrL6jCIkolkqeZeUNTAiG1uz4ANWQTEM98kEx2vvkxcc19bcAvq4520E4RgiatjO8Y-UuW3RQ?session=0,image_0048.jpg,400000
MOBILITA‚Äô,"ROTATORIA SP N. 85 
DIRAMAZIONE SOPRAMONTE",476.980 euro, INIZIATI,"Per risolvere le criticit√† di questo incrocio, dovute all‚Äôassenza di aiuole di regolamentazione, l‚Äôintervento prevede la realizzazione di una rotatoria ovale che, oltre a regolare il traffico, funger√† da deterrente alle alte velocit√† per i veicoli in transito.
Saranno necessari la demolizione e la ricostruzione di un tratto del muro di sostegno del parcheggio pubblico presente a valle della strada provinciale 85 con conseguente riorganizzazione interna del parcheggio e riposizionamento dell‚Äôingresso e dell‚Äôuscita. Per permettere l‚Äôallargamento della strada, sar√† occupata la rampa stradale esistente a valle e costruito un nuovo muro di sostegno. Sulla via della Val dei Molini e sulla strada provinciale 85 verranno realizzate delle aiuole spartitraffico per l‚Äôinnesto e l‚Äôuscita dalla rotatoria, allo scopo di regolamentare ed evidenziare con l‚Äôidonea segnaletica verticale l‚Äôimmissione in rotatoria.","46.07617, 11.05882",Bondone,Opere di urbanizzazione primaria,11.05882,46.07617,MOBILITA',https://doc-08-c4-mymaps.googleusercontent.com/untrusted/hostedimage/m/a31kodj8ioocbnf14s5jhtqgu4/plhm5tbgfjhbjr45tdjtrfsc70/1714576779500/KfkuppvJ3qp6EPYxKFSEVXVs-Ig6KN_U/17044095032606565053/5AHUGKgr9d-2Tdk1-CBEI2u3p6K87NRy-cM2FofqawcP1PIRPqBoc2q7HI_w4xM8dKmOY7lITl5CY-W0c3xX0Q8nphYzWSrKu_KZUbTJol-ORccbWITSoQJCkaYRiecz--QlraEH24FJC1Sz13wyAm2UR3_6DI8Xt3g3YlSERsaLS4mI6dGsD0fyiJWdpYCjKk_k4VALlXq9tq_XoFB7tOX2qBtAg41f5KAPDbNdmW38a0CelkZY?session=0,image_0049.jpg,476980
MOBILITA‚Äô,MARCIAPIEDE IN LOCALIT√Ä ZELL COGNOLA,760.000 euro, IN FASE CONCLUSIVA,E' stato realizzato di un collegamento pedonale di circa 230 metri nel primo tratto della strada che va dall‚Äôincrocio tra via Pradiscola e via Marnighe all‚Äôincrocio con via Fellin. ,"46.08028, 11.13878",Argentario,Opere di urbanizzazione primaria,11.13878,46.08028000000001,MOBILITA',,nan,760000
MOBILITA',MARCIAPIEDE IN LOCALIT√Ä RONCHI A MATTARELLO,680.000 euro, IN CORSO,L‚Äôintervento prevede la realizzazione di un marciapiede che permetter√† a residenti e passanti di camminare con maggiore sicurezza nei tratti dove √® presente traffico veicolare.,"46.0146577, 11.1320563",Mattarello,Opere di urbanizzazione primaria,11.1320563,46.0146577,MOBILITA',https://doc-0c-c4-mymaps.googleusercontent.com/untrusted/hostedimage/m/a31kodj8ioocbnf14s5jhtqgu4/es61h0k3o3l5i50hhbpshhh0f8/1714576779500/KfkuppvJ3qp6EPYxKFSEVXVs-Ig6KN_U/17044095032606565053/5AHUGKgpihBW7TkYanQ1nrRxvEv1-ansjeCe0JKdNK1DjNrkRUk8XrsuKqPRQ24ugbbMZ1xB_7iQMKRLFPYzabgpiZy8ALjPT3JGqkFDDotzaVWj-T5UfAfu1bQtseeYBI-nfm89Xll4jnjqrQLJaZc2aVawuT4z25cOyKKpQAyp5Y7tsZtCiNCoFiEgxTGcF-V9iqQOCbm8uuKCyK4NCNpzgv4hZttwAvnWIsVXJYaXW9K9ocus?session=0,image_0050.jpg,680000
MOBILITA'¬†,ROTATORIA SAN LAZZARO¬†,930.000 euro, IN CORSO,"L‚Äôintervento prevede la realizzazione di una nuova rotatoria che convogli il traffico in transito sulle vie Alto Adige, Sponda Trentina e via Salorno. Sar√† realizzato inoltre un percorso ciclo-pedonale di collegamento tra cigli opposti e tra le piste ciclabili esistenti su via Salorno e Lungavisio Tomasi.",,Gardolo,Opere di urbanizzazione primaria,11.1112142,46.1340129,MOBILITA',https://doc-0c-c4-mymaps.googleusercontent.com/untrusted/hostedimage/m/a31kodj8ioocbnf14s5jhtqgu4/6l0ajme961sika6kad94bhqklc/1714576779500/KfkuppvJ3qp6EPYxKFSEVXVs-Ig6KN_U/17044095032606565053/5AHUGKgpWHL_r6GE4vWiPvwlJf9JBWsHg45ZqWeNTf7-C9EMnNiROYmKWQ2mgkD08MXJ0QqM9wcBWHWGCwDfoU_2IUdmOOGqUMfT8KL5xH1bZPizmT8aj62SW7afx1dT4DimGt-MpZ7jym4V2mUd-PkOZQADlxE3KgQGu3GGEYo9GvJ9R9VJM7qoJOBCpdrkE-Qz6-oXW67vDugNdWS8UqjOQRmQRJzE7MVeO3AaXWGErTKaUoUE?session=0,image_0051.jpg,930000
MOBILITA',TANGENZIALE DI TRENTO: RADDOPPIO CORSIA D'USCITA N. 6 DIREZIONE NORD,384.000 euro, APPALTO,"L‚Äôintervento prevede il raddoppio della corsia d‚Äôuscita numero 6 della tangenziale in direzione nord per evitare il formarsi delle code in galleria, oltre all‚Äôallargamento della rotatoria di via Berlino con l‚Äôinserimento di una terza corsia tra i due cavalcavia della tangenziale lato est, per favorire la circolazione dei veicoli in rotatoria. 
",,Centro storico - Piedicastello,Opere di urbanizzazione primaria,11.1125696,46.0794897,MOBILITA',https://doc-14-c4-mymaps.googleusercontent.com/untrusted/hostedimage/m/a31kodj8ioocbnf14s5jhtqgu4/o2nshbpcp81h2v2hhgv27sqp60/1714576779500/KfkuppvJ3qp6EPYxKFSEVXVs-Ig6KN_U/17044095032606565053/5AHUGKgpK0QTKoKlPgOLL7h6Mc-sfmqv3QhWl_nSEqLykK0nDbQg1XFZFx_KmRSdjQwZk61ivAu957HIHFs5mj6tyDUJ69qqM6muSp8gW7TWGr-T1D0ec1FOqaEiMB0cmsum9t0aFU_6S08dm2QY8NtL9r9-evgtv_h3jc8yGoN62zvVgY1mxR2_TpNyEgmwes2gN4Kr30FZX6aahIQWbhefqYvc0QndTWI-vg-dJ5djGjmbrN1c?session=0,image_0052.jpg,384000
MOBILITA',SISTEMAZIONE SVINCOLO TRA VIA BRENNERO E SS.47 DELLA VALSUGANA LOC. CANOVA,1.368.000 euro,CONCLUSA,L‚Äôintervento prevede la manutenzione straordinaria e il parziale consolidamento strutturale del viadotto.,,Centro storico - Piedicastello,Gestione strade e parchi,11.113857,46.0961242,MOBILITA',https://doc-0c-c4-mymaps.googleusercontent.com/untrusted/hostedimage/m/a31kodj8ioocbnf14s5jhtqgu4/a0umej20h792cmmpv34n081b1k/1714576779500/KfkuppvJ3qp6EPYxKFSEVXVs-Ig6KN_U/17044095032606565053/5AHUGKgpXHHsoc0g3yJBwTOCQSXO2HJWeaNvDVxtuVkQt0-BQVvNzZWzGJj-araX5g2lEuhC6gNLohOD22sHLmoLGzhTe3k141VHK7q5hHy9K5VLfdpAlVjj0zDuCyh1K63ADGbkF46Fmi26aMFF0Wan8NoqZ7JIaGpCx9_wpDwi-2pE8DqfCSpHbilDoikXnU1rzJD9SGa9K6sbzE3KB20Ey2Hd3TB1IFpHvQk1BJYy4DKjjSEY?session=0,image_0053.jpg,1368000
MOBILITA',MARCIAPIEDE LOCALITA' CORALLO,740.000 euro, APPROVATO PROGETTO ESECUTIVO,"Il nuovo marciapiede sar√† realizzato sul lato destro di via Venezia, in direzione ponte
Alto, partendo dal distributore di carburante fino alla fermata dell‚Äôautobus vicino a
ponte Lodovico, per una lunghezza complessiva di circa 300 metri. L‚Äôintervento
garantir√† il transito in sicurezza dei numerosi utenti che ogni giorno percorrono
questa arteria stradale e che, in alcuni punti, non risulta idonea al passaggio
contemporaneo di autobus e mezzi pesanti nei due sensi di marcia, aumentando cos√¨
il disagio per i pedoni.
Inoltre il semaforo gi√† esistente tra i due distributori di benzina sar√† ‚Äúintelligente‚Äù in
quanto dotato del controllo automatico di passaggio con il ‚Äúrosso‚Äù cos√¨ come avviene
in via Brennero e via Bolzano.
",,Argentario,Opere di urbanizzazione primaria,11.1379793,46.06925619999999,MOBILITA',https://doc-00-c4-mymaps.googleusercontent.com/untrusted/hostedimage/m/a31kodj8ioocbnf14s5jhtqgu4/ga72s340k3k5a7e7qjec0no61g/1714576779500/KfkuppvJ3qp6EPYxKFSEVXVs-Ig6KN_U/17044095032606565053/5AHUGKgof5GJS_IptCDGkNviKDTYubBO7i4GGBsa5WJFuyXLKXZSlB7tm52ANVkX149tTV3mKqArw8cjILa1StnjB-N9WNJArQQ8ijDHF5VtXHaozuF5SAYvWMk2uu7qk2IRAzcWLu65V1Bas-WbutasLeTZwWxSa6J4Bfg1zfvZQIKRveZcFBHQbmLnfPTIaGC2_Ml51Mosq-jrBG_xx3E2dNr3AhvptRveF8C7dr_mg-vZgoPM?session=0,image_0054.jpg,740000
SICUREZZA DEL TERRITORIO E VERDE,GIARDINO PIAZZA CENTA,360.000‚Ç¨,IN CORSO,"Sistemazione del giardino soprastante il nuovo parcheggio pertinenziale, con la realizzazione di un‚Äôarea gioco per bambini e ragazzi dei quartieri vicini.
Il progetto vuole offrire uno spazio di aggregazione inclusiva completamente rinnovata, con attrezzature di particolare unicit√† e attrattivit√†: una grande farfalla blu per l‚Äôarrampicata, un‚Äôaltalena pentagonale con diversi tipi di sedute, un trampolino per saltare e i classici giochi a molla animeranno un‚Äôarea con pavimentazione anti-trauma in gomma blu.
Verranno installati altri giochi per l‚Äôequilibrio e una pedana tonda in legno per la pratica dello yoga o la rappresentazione di piccoli spettacoli. Sul lato nord-est del giardino verranno collocati i giochi per i pi√π grandi con l‚Äôattrezzatura per l‚Äôattivit√† sportiva, composta da una sequenza di spalliere, pali e sbarre per eseguire un allenamento in totale sicurezza, e un canestro posizionato su un'area pavimentata. Nell‚Äôarea sud-ovest invece verr√† ricollocato il ping-pong..
",,Centro storico - Piedicastello,Gestione strade e parchi,11.1226566,46.0757242,MOBILITA',https://doc-0c-c4-mymaps.googleusercontent.com/untrusted/hostedimage/m/a31kodj8ioocbnf14s5jhtqgu4/18go2gbdifrph4k57mu2v3klj0/1714576779500/KfkuppvJ3qp6EPYxKFSEVXVs-Ig6KN_U/17044095032606565053/5AHUGKgpfyHTcX0-Y9AJI4al-h36hdGId7GWuQ79zDRqwDfvi3vVVby6Ax39St_zIopJZmCZLWGan3ybdmQMDMhcEzfhhFr7Nr9IDUn655Fc-9w-dbecBQCGEhf67f97_2rPZxzweJIniKO7r8bC-DYtOVpwaZ33Th8htdC6zqZ_CvEQYI3s0aPXelr1_2xTiwUjA63cUNfMZKzKRRfG1uc7bnrNogtSGraOkUO1JeEtMDoWitU8?session=0,image_0055.jpg,360000
‚Äç‚ôÇÔ∏èSPORT,"PNRR - CENTRO SPORTIVO MANAZZON:
- Efficientamento energetico corpo principale e piscina
- Nuovi spogliatoi e spazi di servizio con ampliamento esterno","- 6.310.000 euro spogliatoi, spazi servizio e ampliamento esterno (finanziato PNRR 2.310.000 euro)¬† ¬† ¬† ¬† ¬† ¬† ¬† ¬† ¬† ¬† ¬† ¬† ¬† ¬† ¬† ¬† ¬† ¬† ¬† ¬† ¬† ¬† - 1.680.000 euro¬† efficientamento energetico (interamente finanziato PNRR)¬† ¬† ¬† ¬† ¬† ¬† ¬† ¬† ¬† ¬† ¬† ¬† ¬† ¬† ¬† ¬† ¬† ¬† ¬† ¬† ¬† ¬† - 350.000 euro per smaltimento terreno", LAVORI INIZIATI,"La struttura dell‚Äôimpianto, inaugurato nel 1960, √® articolata sostanzialmente in due ambiti, un corpo principale ospitante piscina e palestra e una serie di volumi aggregati destinati ad attivit√† accessorie e di servizio. Il progetto prevede la demolizione con ricostruzione e ampliamento di quegli spazi che nell‚Äôimpianto presentano le maggiori criticit√† e necessit√† di intervento.
Il Cluster I riguarda un nuovo e ampio livello interrato su una superficie di circa 1500 metri quadrati per spogliatoi, servizi e funzioni accessorie. Al piano terra, per complessivi 850 metri quadrati, sono previsti quattro spazi modulabili di natura polivalente destinati ad attivit√† diversificate oltre che all‚Äôallenamento. Al primo piano, con analoga superficie del piano terra, ci saranno le sedi delle societ√† sportive e, in previsione per il prossimo futuro, gli spazi per le nuove attivit√† connesse al wellness. Architettonicamente il nuovo volume fuori terra dialoga con le caratteristiche del nucleo storico principale della struttura, mutuandone l‚Äôoriginale scansione di superfici vetrate a nastro interposte alla struttura portante che si caratterizza per la serialit√† degli elementi verticali sporgenti.
Il Cluster II √® finalizzato ad un miglioramento delle attuali prestazioni energetiche del corpo principale e piscina limitatamente alle facciate, all‚Äôimpiantistica ed a modeste opere interne. Si proceder√† alla sostituzione dei serramenti esterni, la rimozione degli attuali sistemi di rivestimento esterno sia metallici che architettonici e sostituzione con nuovo rivestimento a cappotto e la sostituzione delle obsolete unit√† di trattamento aria di piscina e palestra che saranno riposizionate per praticit√† e razionalit√† nei nuovi locali tecnici previsti al primo piano.","46.05626, 11.13045",Oltrefersina ,Edilizia pubblica,11.13045,46.05626,SPORT,https://doc-0g-c4-mymaps.googleusercontent.com/untrusted/hostedimage/m/a31kodj8ioocbnf14s5jhtqgu4/vdl6i5jog28pjfvi98ditkckbk/1714576779500/KfkuppvJ3qp6EPYxKFSEVXVs-Ig6KN_U/17044095032606565053/5AHUGKgoLqcO7Jg7usxMGwFjAugFMDCuYf8prgSkS1_ZtZ2PKuTYIQFraYOZxHXhrzLKcMVpVd_12TlcZofKmnt_134Ki7LlozBNODdNOtHnfNEvNPsUaKTAj0omWD_DDi-S8c40Y_Cg7jG6y6Hel89ERMq6l0phYkRuJwQhG1x4bE3pliMjDb6aL8YHJFYdrfJ5a-O6Oe5Ow37AhUEr1Z25BhPD0FB_ttj0eCm2FeRas8F2-TJI?session=0,image_0056.jpg,10650000
SPORT,NUOVO COMPLESSO NATATORIO AREA SPORTIVA GHIAIE,12.910.000 euro,PROGETTAZIONE,"L‚Äôintervento, inserito nell‚Äôaccordo di programma con la Provincia pe rla realizzazione della Casa dello Sport, prevede la realizzazione di un impianto per l'attivit√† agonistica, destinato ad ospitare competizioni di livello nazionale e internazionale. 
Sar√† realizzata una vasca per il nuoto da 51,5 x 25 metri, divisibile in 2 vasche da 25 metri, nonch√© degli spogliatoi e una tribuna da 600 posti da utilizzare in occasione delle competizioni sportive. Inoltre sono previsti spazi per la ristorazione, una palestra, tre sale polifunzionali e a piano seminterrato alcuni locali tecnici.
Saranno previsti spazi per la ristorazione, una palestra e tre sale polifunzionali. Massima attenzione al risparmio energetico, grazie a pannelli solari e fotovoltaici, oltre che al recupero del calore dal vicino palaghiaccio per riscaldare l'acqua.",,Oltrefersina,Intervento realizzato da ASIS,11.121168,46.041613,SPORT,https://doc-08-c4-mymaps.googleusercontent.com/untrusted/hostedimage/m/a31kodj8ioocbnf14s5jhtqgu4/nbahaj9d3s6vg231bna48li930/1714576779500/KfkuppvJ3qp6EPYxKFSEVXVs-Ig6KN_U/17044095032606565053/5AHUGKgr1y5PuCyU_wQmwNq09Yg5T2GYBWF1aV65kupSqqeHRZADQbpBsxKbb-C6h96ioYSrX52TzWZKveUq8krc05LhB1IC9PRlkfJagmqdhuULCKA9a1I0y1fEkrizBcEYBHEQHk2-GmOr47sYXGOZ0KiM1hhuKNGquNEUrFFNR3gl4ePAgriRrTxZ2_AGspFlu4LUsalQRRkvZ3tZbEuq0BZvC47Da7u6Wvy4v23Se0Usq9SI?session=0,image_0057.jpg,12910000
SPORT,CAMPETTO DA CALCIO DI SOPRAMONTE,180.000 euro, APPALTO,"Si prevede la copertura del campo esistente in erba artificiale. Verranno installati due cancelli di accesso, uno per i mezzi di soccorso e di manutenzione e uno pedonale. Sono previsti anche sei posti auto collegati al campo tramite un percorso pedonale ed uno per persone disabili nella stradina secondaria. I lavori interesseranno anche l'impianto di illuminazione con quattro pali della luce per il campo e tre per le vie d'accesso all'area gioco.¬† ¬† ¬†https://www.comune.trento.it/Comunicazione/Il-Comune-informa/Ufficio-stampa/Comunicati-stampa/Verra-rifatto-il-campo-da-calcetto-a-Sopramonte","46.07053, 11.054",Bondone,Gestione strade e parchi,11.054,46.07053000000001,SPORT,https://doc-0k-c4-mymaps.googleusercontent.com/untrusted/hostedimage/m/a31kodj8ioocbnf14s5jhtqgu4/gtupgjefkro89qbgsbj5ls3emk/1714576779500/KfkuppvJ3qp6EPYxKFSEVXVs-Ig6KN_U/17044095032606565053/5AHUGKgoJZS6w8E-68VK9Kh5rb2DJpFh8ySmDqY1z_BO64C96tShR72TdPhX-fueTHhwf48DGia_DEAtNC8VWF30Rsr9Z6KhTZnEAd5G4IUjMxSjzLfAzC_kyWR0Kp5QNlE6w9NcalhtllGEYgb89NRpuwqUO5Y_lCFBKDme52HDxJdDvsTy8AyEMpt4KW4C9bTVS1dRcrmxzRmO6pUGiCccfhw42FemxoE8vSB8CXzrRDdY9rEs?session=0,image_0058.jpg,180000
SPORT,CAMPO CONI PISTA INDOOR - SISTEMAZIONI ESTERNE E ALLESTIMENTI,650.000 euro,IN FASE CONCLUSIVA,"L‚Äôintervento √® legato all‚Äôultimazione dell‚Äôopera principale di ‚Äú Realizzazione centro multidisciplinare di allenamento indoor presso il campo di atletica
leggera ‚ÄúC. Covi‚Äù e ‚ÄúE. Postal‚Äù.¬†",,Centro storico - Piedicastello,Edilizia pubblica,11.118979,46.0795603,SPORT,https://doc-04-c4-mymaps.googleusercontent.com/untrusted/hostedimage/m/a31kodj8ioocbnf14s5jhtqgu4/q77hmptkklhlm73lv8fhr06p5c/1714576779500/KfkuppvJ3qp6EPYxKFSEVXVs-Ig6KN_U/17044095032606565053/5AHUGKgrUXxE_ZWeB7lBRrvSmAwL0n1w4E6SyxN8ltqfMQgwFgd4lIkSUnJqdB1NNLBSqqLTTFu1Lbo3D3v-jYO6PULWX28PzI5MqQNIlCnFEndV5JPfnyQAZ8Nj9yyHNS23zZ2jaIJW9nVOttYBEPT8GKzDEj2bETFFl6ImEX1X1IOvyVenpeCln0Z08wLdO3GB1KY0BTKa5vX7HquZzIF1d7WhGodwhBQu7o_JXKAOeBwzqXb0?session=0,image_0059.jpg,650000
‚Äç‚ôÄÔ∏èSPORT,LIDO ESTIVO - ALLESTIMENTI E NUOVA VASCA BIMBI,700.000 euro,CONCLUSA,"Intervento sugli spazi esterni del Lido estivo per migliorare i servizi offerti al cittadino. Tra le novit√†, gli scivoli e la piscina con il moto ondoso artificiale.
",,Oltrefersina,Edilizia pubblica,11.1305809,46.0557954,SPORT,https://doc-00-c4-mymaps.googleusercontent.com/untrusted/hostedimage/m/a31kodj8ioocbnf14s5jhtqgu4/vo5pv108mh61p0hh6q16m214pc/1714576779500/KfkuppvJ3qp6EPYxKFSEVXVs-Ig6KN_U/17044095032606565053/5AHUGKgrdDBPjiZPLVzN03l2sUSF1KPvA7h7pVrD3ifGmDYL6E5CqqlWz1gP4EVZeEirWZ9rjyNHZmSHB78sek8HADAvARx2u2nHRVNSpOaIHY6ml5dQaq2Epo7CzpdzC5mkkWVP0OTq22W5OxtHFvFgxpbvMAB6UjhMpGgMSyU4QVCSMGrgQZubDJuiiYzwRwH7VDiTZNXhaRk-NilRjs4RHc7gxSc2Uu7bITS9hcQcTBWcQ7-0?session=0,image_0060.jpg,700000
 SICUREZZA DEL TERRITORIO E VERDE,"NUOVA CASERMA VIGILI DEL FUOCO COGNOLA MARTIGNANO
",2.750.000 euro,APPROVATO PROGETTO PRELIMINARE¬† ¬† ¬†¬†,"L‚Äôintervento prevede la costruzione di una nuova caserma per i vigili del fuoco volontari. La struttura √® suddivisa in blocchi funzionali distinti su due livelli: un‚Äôarea operativa dedicata al ricovero dei mezzi di soccorso e al piazzale delle manovre/esercitazioni, e un‚Äôarea, a livello superiore, nella quale risiedono i locali posti a servizio dell‚Äôarea operativa, cui √® demandato il contatto tra la caserma e la collettivit√†. Dal punto di vista energetico, l‚Äôedificio sar√† a energia quasi zero.","46.07457, 11.14389",Argentario,Edilizia pubblica,11.14389,46.07457,SICUREZZA DEL TERRITORIO E VERDE,https://doc-0s-c4-mymaps.googleusercontent.com/untrusted/hostedimage/m/a31kodj8ioocbnf14s5jhtqgu4/84qtrdg3ckniudr927q498g0ng/1714576779500/KfkuppvJ3qp6EPYxKFSEVXVs-Ig6KN_U/17044095032606565053/5AHUGKgqImKEEgWTVE8O4Jrj0f1lS9bEKd12dIwHQsnVk6uGWX9nOKYYT3srqbxh9lZBj5QfFtI2JeR_TScfsqn6RMHasDBOrCUxtHDllzrcDV_jObmvy3QKb-YcI93txY62DT3-yiTbmT8B8L00mDDfyTPF8L4bBR1Jb0BWEeAgKtLEMjkzbsV-M-zugKr0LMzlusqmtkQy3h1hWCVquLos7aKY2yl4Tf0gzJ9g70C_vbVB7W88?session=0,image_0061.jpg,2750000
 SICUREZZA DEL TERRITORIO E VERDE,MITIGAZIONE RISCHIO FRANA IN LOCALIT√Ä MOI√Ä,1.645.000 euro,IN CORSO,"L‚Äôintervento, sulla scorta delle analisi e delle supervisioni svolte negli anni, prevede la riduzione del rischio frana con il confinamento della superficie di scivolamento per garantire la regolare viabilit√† e i sottoservizi di valle.","46.084, 11.14838",Argentario,Gestione strade e parchi,11.14838,46.08400000000001,SICUREZZA DEL TERRITORIO E VERDE,https://doc-0s-c4-mymaps.googleusercontent.com/untrusted/hostedimage/m/a31kodj8ioocbnf14s5jhtqgu4/l1selrbs6s0vhoipvmgt5q03g8/1714576779500/KfkuppvJ3qp6EPYxKFSEVXVs-Ig6KN_U/17044095032606565053/5AHUGKgp3yRuCWkqiMpiWVkkh3HXoxCffcAbiL8B4Be05VXhuPKfwaOaDLuO5ZGOok0_oXnMz2oWiLHIc8rVPBkZv8g5mo2vVgZ5VdpsHjGtsGQwYfnxHP-IYr4SxIoUYNJwvv3g_lQC-b315RF9EiV-Tltl1PZOyWubfJZRgYoKSouzZa5-GkOhvsLTi2Nb0hc0aeO-VX6dgROoYBa_hjXGW4ZW9DQkhCecLsIfNWtsDfVLY9Mo?session=0,image_0062.jpg,1645000
SICUREZZA DEL TERRITORIO E VERDE,VIA DOS TRENTO: INTERVENTO DI PREVENZIONE PER CROLLO ROCCIOSO,300.000 euro,CONCLUSA,"L‚Äôintervento prevede la messa in sicurezza e il consolidamento di tutta la bancata rocciosa, per tutelare da eventuali rischi gli edifici ai piedi del versante. Numerose le azioni in programma: pulizia e disgaggio dell‚Äôarea, consolidamento di un blocco roccioso, rimozione di un muro a secco e del relativo materiale, ripulitura del pendio e realizzazione struttura di consolidamento del muro, posa di rete armata e costruzione di barbacani di sostegno.",,Centro storico - Piedicastello,Gestione strade e parchi,11.109043,46.0736335,SICUREZZA DEL TERRITORIO E VERDE,,nan,300000
SICUREZZA DEL TERRITORIO E VERDE,MESSA IN SICUREZZA ZONA CALISIO,340.000 euro,IN CORSO,"L‚Äôintervento prevede sia opere di difesa attiva, per esempio ancoraggi in parete e la pulizia di alcune nicchie, sia di difesa passiva, come il posizionamento di due blocchi di barriere paramassi. A causa delle dinamiche dei crolli e in considerazione di potenziali eventi futuri, il fronte del versante da proteggere risulta essere piuttosto lungo, interessando la strada forestale che va dal rifugio Calisio per una lunghezza di circa 300 metri in direzione sud e le case Boscaro a Martignano.
",,Argentario,Gestione strade e parchi,11.137355,46.0936654,SICUREZZA DEL TERRITORIO E VERDE,https://doc-0o-c4-mymaps.googleusercontent.com/untrusted/hostedimage/m/a31kodj8ioocbnf14s5jhtqgu4/8i4n17222ko7o4po9nl5phib58/1714576779500/KfkuppvJ3qp6EPYxKFSEVXVs-Ig6KN_U/17044095032606565053/5AHUGKgr7OG7lk2-_JOVk6H9EjQZvrU6L9Fd-UDNtbGVHC5iocJwHTZtJVZSYkEdK6VV4Zms-mHwNUff7IS8wFbQ5aNBZ09See6QncMET0ztr4JwoVk2pwI0UJPcZjqPPmRQSzHWloXu0FFKZT3Whi3-buEdUgvTvL-pbqZdMdCvfcZnh-eY1-SXhMK4dfdbst9zJWCqnSQvl5mEabbKlTnzaWohmV6p9xFolI4uSoEsBv3cLnvQ?session=0,image_0063.jpg,340000
SICUREZZA DEL TERRITORIO E VERDE,CROLLO VERSANTE ROCCIOSO ZONA MADERNO,750.000 euro, APPALTO,"L‚Äôoperazione si articola in tre azioni: la prima riguarda la realizzazione di interventi attivi con pannelli-fune e barre, mentre il secondo e il terzo sono interventi passivi che prevedono la realizzazione di due livelli di reti para-massi.",,Argentario,Gestione strade e parchi,11.1414766,46.0898237,SICUREZZA DEL TERRITORIO E VERDE,https://doc-10-c4-mymaps.googleusercontent.com/untrusted/hostedimage/m/a31kodj8ioocbnf14s5jhtqgu4/pb9musn2ud7reedefgkq3b0sdg/1714576779500/KfkuppvJ3qp6EPYxKFSEVXVs-Ig6KN_U/17044095032606565053/5AHUGKgq1tbn_vTQ6RTjgUNHawDV2zBWOiXfg60dg3Y1R_XjN39GaQ9N1cl1GZvRPVOEOPRjbXVWLGXEjzv3q2QqECxkWJEqqO4a4UXSOWm4G0UhkplyAfDg9qedTUFIlJL0D1tCw3TTz6oLxMGH9lqm55np-KJQk50h-1N2NP3ZgXoyDPW6GHwvKQ-GWx5eroXFDm0q5nMGACEivf5Html_NknYLyNWTz0ATXmmQLLBcxbXcN_k?session=0,image_0064.jpg,750000
SICUREZZA DEL TERRITORIO E VERDE,MURO CONTENIMENTO CHIESETTA VANEZE,120.000 euro,CONCLUSA,"L‚Äôintervento prevede la realizzazione di un nuovo muro di sostegno a valle della chiesetta e la stabilizzazione del muro a secco di sostegno alla scala, verso il piazzale pubblico posto ad est.",,Bondone,Gestione strade e parchi,11.0734794,46.0498034,SICUREZZA DEL TERRITORIO E VERDE,https://doc-14-c4-mymaps.googleusercontent.com/untrusted/hostedimage/m/a31kodj8ioocbnf14s5jhtqgu4/knb9posqdh59mn3qvg0h8sal1k/1714576779500/KfkuppvJ3qp6EPYxKFSEVXVs-Ig6KN_U/17044095032606565053/5AHUGKgqJoMIxVCm-I5DkB3pihmYzg0q1a-2zAoaMNtLD21vKCjOhp34qAirJIOHLK6MqxRFv4ifYXcrgyPUwN5slsB-7XgoO4s32VArXzB_0d6MELKRZlTR4UsKDHz4Ymv84fMHEp-WTkv9gRwpZpNsd37o6DIjD8a5jniF8KLOhN5V0aRj67kecLxNv7V4EVhAujNsXvv4pDYzihoqmNMYS4han2PAkwF4C0nI7xlktRMMI5mM?session=0,image_0065.jpg,120000
SICUREZZA DEL TERRITORIO E VERDE,CASETTA ORTI LOCALIT√Ä CANOVA,110.000 euro, APPALTO,"L‚Äôintervento prevede la costruzione di una ‚Äúcasetta‚Äù per gli orti suddivisa in due spazi: un deposito per l‚Äôattrezzatura di circa 20 metri quadri, in cui sar√† presente anche un lavabo, e un bagno usufruibile anche da persone disabili. Sar√† inoltre realizzato un pergolato in legno, adiacente alla struttura, per offrire un luogo riservato al riposo e alla socializzazione.","46.100340, 11.106728",Gardolo,Gestione strade e parchi,11.1069501,46.1002923,SICUREZZA DEL TERRITORIO E VERDE,https://doc-0o-c4-mymaps.googleusercontent.com/untrusted/hostedimage/m/a31kodj8ioocbnf14s5jhtqgu4/36899b7geu6k0h06d7s6s8ocf0/1714576779500/KfkuppvJ3qp6EPYxKFSEVXVs-Ig6KN_U/17044095032606565053/5AHUGKgpqoM7x8QSHu9gsa7iW6TauX0N5tKv8tRClTm1vLg6DxTmNQBFCVayc4_fboq_tDxy4Dt1tx11vMRnHi530XiTguHaIGKRqI5PjG3rKZXuP2DQlJsd_Y8s6R24EGS-JYATS0N8MFmlpsEgyKySGM1hv1PDZ7N3MnZNl1fDWmYVQto4bOk-B37oVzJAyqKNHVvU2AssxGDbg1dpWgJk8Adl82-AQ7yF8hZ_tvGz_lvcOp40?session=0,image_0066.jpg,110000
SICUREZZA DEL TERRITORIO E VERDE,AREA VERDE VIA MENGUZZATO,200.000 euro,LAVORI IN CORSO,"L‚Äôintervento prevede la costruzione a Madonna Bianca di un‚Äôarea verde di circa 1500 metri, tra via Marighetto e via Menguzzato. Nel giardino, progettato per il pubblico di ogni et√†, non mancheranno gli spazi per trascorrere il tempo libero e per divertirsi grazie al percorso sensoriale, ai giochi in legno, agli anelli e al castello con vari scivoli donato dal Lion‚Äôs club Trento Clesio, che avr√† una posizione centrale all‚Äôinterno della nuova area verde.¬†","46.04026, 11.13162",Oltrefersina ,Gestione strade e parchi,11.13162,46.04026000000001,SICUREZZA DEL TERRITORIO E VERDE,https://doc-08-c4-mymaps.googleusercontent.com/untrusted/hostedimage/m/a31kodj8ioocbnf14s5jhtqgu4/aec5304n8esnds4h4oonim66rk/1714576779500/KfkuppvJ3qp6EPYxKFSEVXVs-Ig6KN_U/17044095032606565053/5AHUGKgq5FzWC0I6aGX0Ndpd99wsVgUXG3YQLjTLexP-qsuwFQxFZEo0mk9ycImPcvZT-a2tnT2Zgey1tecNWA98N5J-P0RJW1THgkgOotVs2GxqJzpDJW9x4FoaUKEiHCbyfgg9jpLRrEII_WmFUI0ko0o-S9zMfGykVInMt-ue6xRgJNgXriDind9CJB61X69-PqSYbNGwyuUzu-_5lsNpN9tnj98ENUUgMsTkQjMOyRnJC4zM?session=0,image_0067.jpg,200000
